{"train_losses": [298.1419584462191, 1.850706412403067, 1.7121598690415458, 1.6407963867364572, 1.6035657867391082, 1.5777822804636434, 1.5592325585367928, 1.54711313862197, 1.5364598821492974, 1.5269018517071742, 1.5217632799237693, 1.5099323493311807, 1.503728206693685, 1.50295016253672, 1.4977944041641456, 1.4947172362656953, 1.4907739256177877, 1.4867745665635896, 1.4789958267286092, 1.479060786743413, 1.4746860918309574, 1.4745924859741764, 1.4656443556179712, 1.465826867534082, 1.4649776934515562, 1.4623332751835174, 1.4573982945052044, 1.456270093721034, 1.456190187731257, 1.4556752897321377, 1.4578936330131929, 1.4546818095069505, 1.4521751826522251, 1.4499308850890553, 1.451265675198133, 1.450219268351513, 1.454285307352134, 1.4486230957270296, 1.4474694197337312, 1.44677689136114, 1.4469762820324714, 1.4444938980004611, 1.4421546282126365, 1.4426749624903596, 1.439812898190942, 1.4404953219797572, 1.4422995661189184, 1.4415752583458736, 1.439329962466595, 1.4376425097404737, 1.440183875252979, 1.4401600415980915, 1.4358756815477889, 1.4387996066672457, 1.4333226477399912, 1.438946991126969, 1.4361698615545013, 1.4356042042780275, 1.4351945008197853, 1.4352976539184032, 1.4377138016476951, 1.4349820428601383, 1.4339611165916257, 1.4353602949304154, 1.4330847576426946, 1.4379492340086695, 1.4361774152449271, 1.4349812361747194, 1.4347905761518707], "val_lossers": [2.1690830612182617, 1.8444098782539369, 1.7697281819581985, 1.6797411674261093, 1.6466847985982895, 1.7097046619653702, 1.6297788602113723, 1.629734183549881, 1.6713090825080872, 1.6145018607378006, 1.5722982686758042, 1.5404241681098938, 1.6026584774255752, 1.536034670472145, 1.5670032554864883, 1.6271832156181336, 1.597488778233528, 1.6110791373252868, 1.5571139413118362, 1.5514550989866256, 1.5475260120630265, 1.6113043397665023, 1.519831869006157, 1.606111216545105, 1.6131164741516113, 1.5615998876094819, 1.5571822619438171, 1.5536058396100998, 1.4977976667881012, 1.5611677891016007, 1.5295934164524079, 1.647554412484169, 1.5247233468294143, 1.6240825879573821, 1.507973796725273, 1.5497452610731124, 1.5775003439188005, 1.5978431975841523, 1.554570792913437, 1.5688831496238709, 1.5757068741321563, 1.538051106929779, 1.5597982859611512, 1.5421832740306853, 1.5155097258090973, 1.487744429707527, 1.5063325452804566, 1.568327323794365, 1.4903013348579406, 1.5805443036556244, 1.526233534216881, 1.528789332509041, 1.5160004925727844, 1.4822444421052934, 1.5270784330368041, 1.5283266967535019, 1.5074133509397507, 1.5446475857496262, 1.5689648747444154, 1.5539654004573822, 1.5660388576984405, 1.5039581453800202, 1.5074950593709946, 1.5170040518045425, 1.5602867567539216, 1.5419609093666076, 1.558547934293747, 1.5444902342557907, 1.5078553891181945], "cdr_rmsd": [[2.1752803325653076, 2.228677749633789, 4.396856307983398, 2.5369999408721924, 1.7041823863983154, 2.1939406394958496], [1.6451072692871094, 1.8245806694030762, 3.8509066104888916, 1.8301825523376465, 1.1998847723007202, 1.8462356328964233], [1.5391241312026978, 1.54010808467865, 3.829704999923706, 1.7109384536743164, 1.0184988975524902, 1.7547427415847778], [1.4142746925354004, 1.5133836269378662, 3.645921230316162, 1.5982270240783691, 0.905692458152771, 1.6669715642929077], [1.4202897548675537, 1.4658421277999878, 3.6406216621398926, 1.5503391027450562, 0.9311684966087341, 1.5875732898712158], [1.5004216432571411, 1.4649544954299927, 3.6634163856506348, 1.7079843282699585, 1.135683298110962, 1.7981889247894287], [1.4448981285095215, 1.486892819404602, 3.5245699882507324, 1.6142394542694092, 0.9718278646469116, 1.5659632682800293], [1.3907992839813232, 1.4035000801086426, 3.573732852935791, 1.5252618789672852, 0.8400238156318665, 1.6398284435272217], [1.366532564163208, 1.4767613410949707, 3.704744815826416, 1.4855761528015137, 0.7631457448005676, 1.6983847618103027], [1.4509119987487793, 1.391422986984253, 3.583284616470337, 1.5396127700805664, 0.7643095254898071, 1.6338014602661133], [1.295008659362793, 1.401374340057373, 3.4832468032836914, 1.425437569618225, 0.7946932911872864, 1.4998691082000732], [1.2929514646530151, 1.4275180101394653, 3.350200891494751, 1.4772738218307495, 0.8091694712638855, 1.6437991857528687], [1.3324275016784668, 1.5505601167678833, 3.4139959812164307, 1.5501623153686523, 1.0013360977172852, 1.6048475503921509], [1.3452987670898438, 1.4490916728973389, 3.3541007041931152, 1.4643800258636475, 0.8370345830917358, 1.5525009632110596], [1.315820574760437, 1.4790054559707642, 3.443613052368164, 1.4876266717910767, 0.7420071363449097, 1.5231600999832153], [1.4009301662445068, 1.6219197511672974, 3.5414011478424072, 1.4808539152145386, 1.037335991859436, 1.5939068794250488], [1.372765064239502, 1.4716098308563232, 3.4378104209899902, 1.6181674003601074, 0.8059307336807251, 1.683631181716919], [1.334749698638916, 1.4540820121765137, 3.5273327827453613, 1.5272291898727417, 0.8588425517082214, 1.6644604206085205], [1.308990478515625, 1.3958145380020142, 3.4138553142547607, 1.4276933670043945, 0.7857459187507629, 1.5808649063110352], [1.3741873502731323, 1.3817051649093628, 3.4274380207061768, 1.4048248529434204, 0.7431838512420654, 1.4869617223739624], [1.2787450551986694, 1.4027345180511475, 3.3678956031799316, 1.5002940893173218, 0.8216076493263245, 1.6107292175292969], [1.303273320198059, 1.3839024305343628, 3.562727689743042, 1.4131596088409424, 0.9314289689064026, 1.7407770156860352], [1.2679415941238403, 1.4208775758743286, 3.332731246948242, 1.424421787261963, 0.8565617203712463, 1.4740653038024902], [1.571434497833252, 1.4718018770217896, 3.4663584232330322, 1.7327871322631836, 0.8266704082489014, 1.582067608833313], [1.38887619972229, 1.4992772340774536, 3.5030574798583984, 1.6334501504898071, 1.0333473682403564, 1.5603582859039307], [1.2994052171707153, 1.401659369468689, 3.399641990661621, 1.4374202489852905, 0.7757323384284973, 1.6616830825805664], [1.2803181409835815, 1.3773552179336548, 3.349090337753296, 1.3651232719421387, 0.7830671668052673, 1.5945113897323608], [1.3681532144546509, 1.4446799755096436, 3.355119228363037, 1.4552702903747559, 0.7789169549942017, 1.438807487487793], [1.2471383810043335, 1.3694566488265991, 3.286201238632202, 1.336308479309082, 0.803336501121521, 1.5525593757629395], [1.3890488147735596, 1.3535979986190796, 3.3919732570648193, 1.5193804502487183, 0.875478208065033, 1.484822392463684], [1.2845593690872192, 1.4299185276031494, 3.311431646347046, 1.4226847887039185, 0.7805336117744446, 1.5251061916351318], [1.3631056547164917, 1.5039409399032593, 3.628750801086426, 1.4658244848251343, 0.811220645904541, 1.5549685955047607], [1.261167287826538, 1.3757102489471436, 3.368023633956909, 1.3843225240707397, 0.7466959953308105, 1.4510328769683838], [1.3373130559921265, 1.5152862071990967, 3.497457981109619, 1.4709882736206055, 0.9833518266677856, 1.669823408126831], [1.3067975044250488, 1.4970495700836182, 3.243480920791626, 1.4235268831253052, 0.8474528789520264, 1.6224819421768188], [1.3190478086471558, 1.5261613130569458, 3.3286166191101074, 1.4243556261062622, 0.7984635829925537, 1.6692473888397217], [1.2932984828948975, 1.3885738849639893, 3.436350107192993, 1.4587898254394531, 0.8504875302314758, 1.6564675569534302], [1.3863505125045776, 1.5028055906295776, 3.443641424179077, 1.4026942253112793, 0.8538870215415955, 1.6111650466918945], [1.434756875038147, 1.468054175376892, 3.3498165607452393, 1.4536017179489136, 0.7581425309181213, 1.6816333532333374], [1.3337337970733643, 1.4535337686538696, 3.372917890548706, 1.449283242225647, 0.7764165997505188, 1.6098483800888062], [1.3137134313583374, 1.460867166519165, 3.4030511379241943, 1.4883989095687866, 0.8439682126045227, 1.564933180809021], [1.2859523296356201, 1.3018438816070557, 3.385922431945801, 1.4573765993118286, 0.7275003790855408, 1.4534356594085693], [1.2735109329223633, 1.3969404697418213, 3.4558663368225098, 1.4545416831970215, 0.7843711972236633, 1.507003903388977], [1.3727898597717285, 1.3792085647583008,