{"train_losses": [1.1749477942351778, 1.2064839536874865, 1.2061305678159049, 1.2065737756396813, 1.2060875291812354, 1.20718652165504, 1.207100359252517, 1.2092480984834613, 1.2081798938635235, 1.2074155994000433, 1.2105222718622057, 1.2096072383151832, 1.2028205610788523, 1.2056700813305101, 1.2072374333326743, 1.206533478997043, 1.207158351832096, 1.2017377230334516, 1.2030946927576336, 1.2052963666933587, 1.2053512776757018, 1.2046519155304827, 1.2016865071466674, 1.2031917960443421, 1.2081900186977632, 1.2064849683862855, 1.2040353939811208, 1.2002966410239861, 1.2031649845066554, 1.2023733683485205, 1.2069326599220183, 1.2030053157354903, 1.2037700566344778, 1.2066412492106056, 1.2052094621223954, 1.2055155418479673, 1.2046991046362012, 1.2041621097457846, 1.203191338878001, 1.205644612652507, 1.1998206355339436, 1.2004209107079231, 1.2043079316673138, 1.204445603192352, 1.2061935741992154, 1.2054832300515959, 1.1967792719395673, 1.2019107860185496, 1.2045455958844944, 1.2048991547194228, 1.2082206953690615, 1.2042646827610994, 1.2031435389423988, 1.2052422197549457, 1.2036932283735515, 1.2046496010523022, 1.201272275178433, 1.2064670558919854, 1.204582344773628, 1.2048290331868254, 1.202751190940073, 1.2038721467265965, 1.2016195445246807, 1.2011632516334465, 1.2059847062958866, 1.1991735470974192, 1.2033768006494978, 1.2061713384845651, 1.206393350353645, 1.2004563928877647, 1.200298045136468, 1.2053117081540778, 1.2068087666948533, 1.2038903567090056, 1.2027281501560312, 1.204064851004683, 1.2020541532547073, 1.2041112879888276, 1.20113074102412, 1.2045312743096195, 1.2022254457663828, 1.1980866571776398, 1.2024773151602848, 1.2039043968349432, 1.204297371627841, 1.2095279864198087, 1.2028475170832431, 1.2020678763073371], "val_lossers": [1.1561083340644835, 1.1318388906121255, 1.2037642085552216, 1.157365344762802, 1.2105759382247925, 1.1862112659215927, 1.1845269310474396, 1.147716389298439, 1.1694877827167511, 1.166778963804245, 1.1576117712259293, 1.1915908539295197, 1.182053146958351, 1.158646855354309, 1.1778894555568695, 1.1804239773750305, 1.2011003124713897, 1.1619741624593736, 1.2618697011470794, 1.1856950390338898, 1.2212621718645096, 1.1693728518486024, 1.1660754144191743, 1.128150493502617, 1.1918910121917725, 1.2650081968307496, 1.2026598179340362, 1.1301372212171554, 1.137012047767639, 1.161795016527176, 1.2171436524391175, 1.1974224317073823, 1.2137657219171525, 1.2391054207086563, 1.1718152791261673, 1.1811837643384933, 1.1320977824926377, 1.1852576583623886, 1.15540196955204, 1.1382995837926864, 1.164655762910843, 1.1944465416669845, 1.1691475850343704, 1.163985629081726, 1.1639767122268676, 1.2517588371038437, 1.2062364983558655, 1.193914350271225, 1.1476624661684036, 1.1818457686901092, 1.1826535803079605, 1.2191205078363418, 1.2249452048540115, 1.1684045106172563, 1.1447549563646318, 1.1800075364112854, 1.1856116235256196, 1.1793791157007218, 1.1599229061603546, 1.1613872134685517, 1.1716504412889481, 1.1887025475502013, 1.138919813632965, 1.123850553035736, 1.1806500679254532, 1.2047932708263398, 1.144258400797844, 1.1790782558917998, 1.159439715743065, 1.1853280860185622, 1.1659593111276627, 1.2068045270442962, 1.168678929209709, 1.1960087794065475, 1.1551717114448548, 1.1717933166027068, 1.151184766292572, 1.1418791419267655, 1.1821555292606354, 1.170421102643013, 1.1769616067409516, 1.1369474506378174, 1.1830555534362792, 1.1524312019348144, 1.255361443758011, 1.203026939034462, 1.165535494685173, 1.2300707113742828], "cdr_rmsd": [[1.1606844663619995, 1.1381362676620483, 2.61015248298645, 1.310154676437378, 0.6263355016708374, 1.3180049657821655], [1.1692261695861816, 1.1117403507232666, 2.593626022338867, 1.1939235925674438, 0.6136976480484009, 1.193327784538269], [1.3632469177246094, 1.1920369863510132, 2.7026450634002686, 1.4283539056777954, 0.6849030256271362, 1.2139564752578735], [1.359390139579773, 1.234063982963562, 2.578256607055664, 1.2366588115692139, 0.7045000195503235, 1.2233977317810059], [1.2141059637069702, 1.1477367877960205, 2.805849313735962, 1.3270940780639648, 0.7124813795089722, 1.290063738822937], [1.1900463104248047, 1.1396235227584839, 2.7031145095825195, 1.3759971857070923, 0.7051746249198914, 1.228370189666748], [1.2003445625305176, 1.2799733877182007, 2.649296283721924, 1.239891529083252, 0.719871997833252, 1.3564503192901611], [1.1280728578567505, 1.145521640777588, 2.6376752853393555, 1.2448136806488037, 0.5852929949760437, 1.22538423538208], [1.1945538520812988, 1.1319695711135864, 2.683070182800293, 1.3485803604125977, 0.6300694942474365, 1.2171238660812378], [1.1932001113891602, 1.2940032482147217, 2.6122243404388428, 1.346112847328186, 0.697101354598999, 1.218651294708252], [1.1309715509414673, 1.161865472793579, 2.6357831954956055, 1.1673474311828613, 0.745822548866272, 1.3618268966674805], [1.3413139581680298, 1.2041022777557373, 2.6968233585357666, 1.3329739570617676, 0.8321222066879272, 1.2084599733352661], [1.2375558614730835, 1.187708854675293, 2.6941323280334473, 1.2155234813690186, 0.7606154084205627, 1.2260732650756836], [1.1655699014663696, 1.153390884399414, 2.635190963745117, 1.3142006397247314, 0.6633028984069824, 1.1918766498565674], [1.1934022903442383, 1.229973316192627, 2.635441541671753, 1.2371069192886353, 0.7655714154243469, 1.2104167938232422], [1.1479918956756592, 1.087080478668213, 2.7239556312561035, 1.1974319219589233, 0.6385093331336975, 1.2613463401794434], [1.1979786157608032, 1.2078309059143066, 2.7555434703826904, 1.1618458032608032, 0.724600076675415, 1.2366077899932861], [1.137362003326416, 1.1366243362426758, 2.643470525741577, 1.1667208671569824, 0.7230385541915894, 1.2747384309768677], [1.2951163053512573, 1.1981308460235596, 2.847668170928955, 1.3304417133331299, 0.6928008794784546, 1.2668174505233765], [1.1265395879745483, 1.1873244047164917, 2.754624605178833, 1.2008676528930664, 0.7127819657325745, 1.2902640104293823], [1.2397304773330688, 1.1366779804229736, 2.8442556858062744, 1.3184574842453003, 0.659874677658081, 1.2566533088684082], [1.263879418373108, 1.1849671602249146, 2.657799482345581, 1.19730544090271, 0.8095836043357849, 1.1927162408828735], [1.1761475801467896, 1.2855925559997559, 2.6403887271881104, 1.2557536363601685, 0.7276182770729065, 1.1771451234817505], [1.1967136859893799, 1.0943114757537842, 2.6115360260009766, 1.1454163789749146, 0.5827081203460693, 1.2072885036468506], [1.2116128206253052, 1.1931103467941284, 2.7531185150146484, 1.325141191482544, 0.7817014455795288, 1.1628347635269165], [1.1736897230148315, 1.3725340366363525, 2.814913272857666, 1.2737599611282349, 1.0291236639022827, 1.4177725315093994], [1.2215632200241089, 1.156202793121338, 2.6963951587677, 1.2529388666152954, 0.6531045436859131, 1.243247628211975], [1.142267107963562, 1.1244083642959595, 2.5978033542633057, 1.255510687828064, 0.6366565227508545, 1.1921168565750122], [1.2457854747772217, 1.2382827997207642, 2.5585787296295166, 1.19852614402771, 0.7522585988044739, 1.2351323366165161], [1.1649222373962402, 1.1152323484420776, 2.642073392868042, 1.2696386575698853, 0.6057960987091064, 1.2367961406707764], [1.1880160570144653, 1.2474610805511475, 2.7149057388305664, 1.2368580102920532, 0.8647013306617737, 1.2957757711410522], [1.316258192062378, 1.196384072303772, 2.673884868621826, 1.3823747634887695, 0.7442449927330017, 1.3144444227218628], [1.3513530492782593, 1.1055998802185059, 2.7607178688049316, 1.3255995512008667, 0.6901170611381531, 1.2444459199905396], [1.3999022245407104, 1.39421808719635, 2.6414623260498047, 1.4495376348495483, 1.0265920162200928, 1.3219984769821167], [1.1293213367462158, 1.167999029159546, 2.6709463596343994, 1.31962251663208, 0.7082016468048096, 1.2703349590301514], [1.2120686769485474, 1.1298197507858276, 2.6838462352752686, 1.267043113708496, 0.6959057450294495, 1.2472615242004395], [1.1835802793502808, 1.109340786933899, 2.588576078414917, 1.300220012664795, 0.7431899309158325, 1.1821660995483398], [1.2239826917648315,