{"train_losses": [579.0623492153461, 1.9828093648099545, 1.780389432291223, 26.7580362333474, 7.716494142852219, 1.8825840202849362, 2.138575106138586, 1.6556010129693195, 1.5828863417585701, 1.5698273486145837, 1.5505632404108667, 1.5386512685198803, 1.5296274257642333, 1.513765675044956, 1.5092570772860534, 1.4959708619608616, 1.4911808642811373, 1.4888750259060595, 1.489086530526517, 1.480127050926847, 1.4793615684516126, 1.475235909359119, 1.4702772725875624, 1.4684789381530658, 1.4636812096638687, 1.4606717708352253, 1.4594352651732603, 1.453451899826341, 1.4519810620637381, 1.4500924422748356, 1.446684992153564, 1.4474355273906596, 1.4493638865537326, 1.4465310387928747, 1.4448023478551604, 1.4412090069002759, 1.4408500307993881, 1.445622024822669, 1.4423781431032363, 1.439467930439873, 1.4363091123112657, 1.4401425496653446, 1.440012886303305, 1.436105994365419, 1.4357926780765982, 1.4339315303781257, 1.4322632505672812, 1.4329903463670046, 1.4298392938374618, 1.4324732089059786, 1.4326865332589527, 1.4326954945896926, 1.431390197233689, 1.43044999419487, 1.4313003769011083, 1.434627489422051, 1.4281909153996286, 1.4297246604066218, 1.4279728989610267, 1.427527726153195, 1.4292058926294202, 1.4314034397675712, 1.426734321477569, 1.4251352827001593, 1.4251989389767281, 1.4288730241192396, 1.4261897509966224, 1.4255955416191015, 1.4244195256531167, 1.4294307115034022, 1.4242139594218706, 1.4257625534484795, 1.4271611723141833, 1.4241831052779923, 1.4264341055961611, 1.431733541649039, 1.4246314696812419, 1.4300554081929595, 1.424075752461045, 1.4230821889098078, 1.4229369217880838, 1.4267334440178583, 1.4251885053955655, 1.4249635728489476, 1.4224404853184256, 1.4251260796545338, 1.4249826203643747, 1.4226055952359364, 1.4203947100280887, 1.4220603790784356, 1.422863330414685, 1.4189126278785018, 1.420263106539856, 1.4284418678494883, 1.422553345407628, 1.4239305645362994, 1.4226752917875591, 1.4252092434311416, 1.4208119061109066, 1.4197205203641736, 1.421017701271364, 1.425097296818438, 1.4183740268662297, 1.420682132415347, 1.4191981740679387, 1.4199263700920628, 1.4217346210584763, 1.4181418980112594, 1.4211343787405404, 1.4188817465365262, 1.4156934836705906, 1.416536398358627, 1.4192628975344925, 1.4192234340083922, 1.4148663865455406, 1.4154701624328736, 1.4168389712705376, 1.4169947862025793, 1.414799978323807, 1.4215200078067867, 1.415108324295886, 1.4171592798677106, 1.4183265940407288, 1.4154335099999518], "val_lossers": [2.3795597517490386, 1.8033704841136933, 1.726280654668808, 68.12763507843017, 8.291733207702636, 1.8706509232521058, 1.7012814855575562, 1.5820677781105041, 1.5206746846437453, 1.4964081114530563, 1.5132185536623002, 1.4682512938976289, 1.4807414549589157, 1.478855820298195, 1.500137547850609, 1.4663331526517869, 1.4781853437423706, 1.5394079685211182, 1.4890500563383102, 1.4153826171159745, 1.492611203789711, 1.413445097208023, 1.464664522409439, 1.4099945312738418, 1.421653659939766, 1.4071448332071304, 1.4234892892837525, 1.4047182589769363, 1.4867028176784516, 1.435662658214569, 1.4021501076221465, 1.4853566259145736, 1.3994922173023223, 1.4455413049459458, 1.406110793352127, 1.3885901635885238, 1.4114545023441314, 1.3854435354471206, 1.3843729919195176, 1.4687025183439255, 1.3978152775764465, 1.4094848775863646, 1.386341108083725, 1.3823954111337662, 1.3945221823453904, 1.3845852345228196, 1.3840234667062759, 1.3742691588401794, 1.4274063050746917, 1.380700021982193, 1.4146892309188843, 1.3668041068315506, 1.498675132393837, 1.4205564939975739, 1.393525618314743, 1.3911773544549941, 1.4215026485919953, 1.3823146146535874, 1.4100111079216004, 1.3831765627861023, 1.3752445340156556, 1.4011063265800476, 1.3986718511581422, 1.3707990217208863, 1.3862278687953948, 1.395018697977066, 1.388207038640976, 1.376179671883583, 1.4000639367103576, 1.3977235454320907, 1.363474650979042, 1.401000747680664, 1.4197682863473893, 1.4150190895795822, 1.4409893310070039, 1.4149434316158294, 1.4003173106908797, 1.3843061530590057, 1.3701913130283356, 1.3541119939088821, 1.3859691315889358, 1.3963153499364853, 1.3816181337833404, 1.3865818709135056, 1.5182696974277496, 1.4019959390163421, 1.3840674233436585, 1.377739632129669, 1.3949742037057877, 1.4511380487680434, 1.423864585161209, 1.3814204877614975, 1.3743581140041352, 1.427339265346527, 1.3903716337680816, 1.390795806646347, 1.3888356721401214, 1.385772973895073, 1.4153546124696732, 1.377705025076866, 1.4085685807466506, 1.382668993473053, 1.3651447421312333, 1.449057502746582, 1.3607093131542205, 1.4350271558761596, 1.4274164319038392, 1.373058046102524, 1.3666182667016984, 1.4321967351436615, 1.3759846246242524, 1.3627081602811812, 1.3628183144330979, 1.359003364443779, 1.3924360352754592, 1.3615675139427186, 1.371928294301033, 1.3558203017711639, 1.3779932761192322, 1.3943950486183168, 1.37656704723835, 1.4299696588516235, 1.3559964495897292, 1.3660170882940292],