{"train_losses": [4.948765392256208, 1.6170212510553064, 1.5535607085579717], "val_lossers": [1.7359902453422547, 1.6330722481012345, 1.5951529145240784], "cdr_rmsd": [[1.534216284751892, 1.6179448366165161, 3.7512519359588623, 1.8951481580734253, 0.8958391547203064, 1.794561505317688], [1.307274341583252, 1.4190396070480347, 3.658090591430664, 1.5647963285446167, 0.7506777048110962, 1.5087798833847046], [1.2765483856201172, 1.375290870666504, 3.571427822113037, 1.457080364227295, 0.7238824963569641, 1.5863186120986938]]}