{"train_losses": [79.9009764614585, 1.8864475744324845, 1.8034078762591401, 1.7642431764946036], "val_lossers": [2.038159807920456, 1.9366395395994187, 1.907434452176094, 1.8646567624807358], "cdr_rmsd": [[2.0364224910736084, 2.006751775741577, 4.151646137237549, 2.41925048828125, 1.5279393196105957, 2.112072706222534], [1.8707443475723267, 1.8550480604171753, 4.061948776245117, 2.160308599472046, 1.2861477136611938, 2.0097947120666504], [1.7456276416778564, 1.8564304113388062, 4.006548881530762, 2.0602540969848633, 1.2285842895507812, 1.9210819005966187], [1.7376359701156616, 1.8102298974990845, 3.912583827972412, 1.9919793605804443, 1.13675856590271, 2.0009169578552246]]}