{"train_losses": [270.3265881375716, 2.0196970881586984, 1.8367387000698778, 1.7258921561128133, 1.6169342236539408, 1.5764503410794617, 1.553406020072136, 1.5342865138924917, 1.5215170345781293, 1.5175034587452336, 1.5024809756860056, 1.4957854067106295, 1.4891821417706932, 1.4839513840103424, 1.4839561767974252, 1.4710486452916836, 1.469892360204026, 1.464747297997848, 1.4607842871952719, 1.45460964734685, 1.4532942757213803, 1.4507287056331346, 1.4526336811820029, 1.444080235628754, 1.444070860076413, 1.4398271293054508, 1.4386984542536627, 1.443733031837627, 1.4364312585387071, 1.4370522355816426, 1.4340177299960937, 1.4341100976887804, 1.4338076408468197, 1.4360921291720505, 1.4303830698942321, 1.4323931919749284, 1.4276150973156534, 1.432562173939733, 1.4301169981561497, 1.4255123877742228, 1.424101188661152, 1.4226059699161275, 1.4241596084620527, 1.4213613895300274, 1.4233301666070035, 1.420828182031756, 1.4204374878835186, 1.420209385146072, 1.419116225658149, 1.416512837186224, 1.4189043956736729, 1.4152036630025686, 1.4168340785382951, 1.4173461113901895, 1.4203268007738954, 1.4165730595388908, 1.4158042935997441, 1.4144254900606048, 1.4120831233136015, 1.414918454106641, 1.4129187789350313, 1.415549829655753, 1.4113071236936905, 1.4162234999587269, 1.4152330567827058, 1.414284764493171, 1.414696410095004, 1.4105802194364967, 1.4131815627285074, 1.4122861391167507, 1.412680299866562, 1.4099479632883343, 1.411009896749054, 1.4119376581423528, 1.4104964495104753, 1.4089578173507022, 1.408063147508673, 1.4087787629572261, 1.409551209857768, 1.4100325477017666, 1.4060793937836533, 1.4064307181436193, 1.4082461207113341, 1.4067235954332387, 1.4078549542637113, 1.406493646492934, 1.4085822729280129, 1.410394650185425, 1.4097956818828807, 1.4067255222600472, 1.4086014311194335, 1.4072050296835046, 1.4103488289827588, 1.4106675386286136, 1.407245760589574, 1.4049275539581758, 1.4084657149677902, 1.4049408609198701, 1.4021965146978022, 1.4044036923169463, 1.4019861104301725, 1.4029931925774077, 1.402263943590215, 1.402075767402932, 1.404121602640387, 1.403103303746627, 1.4012643544617411, 1.404681321534067, 1.4042811556555366, 1.4029252224342943, 1.4005638264228433, 1.4011509890244684], "val_lossers": [2.15348242521286, 1.86021338224411, 1.7328836083412171, 1.6016390085220338, 1.6290262442827226, 1.593270724415779, 1.4959594011306763, 1.462570344209671, 1.5171262443065643, 1.543085367679596, 1.4688581836223602, 1.4632971501350402, 1.520844624042511, 1.4411920815706254, 1.4839290738105775, 1.4392916387319565, 1.4299989610910415, 1.4367510420084, 1.4352662014961242, 1.4203833276033402, 1.4158141791820527, 1.40048073887825, 1.4155975711345672, 1.391195132136345, 1.4156622022390366, 1.4147738593816757, 1.4329116386175156, 1.4131963860988617, 1.3929746556282043, 1.4108801871538161, 1.3789139664173127, 1.401772323846817, 1.471665050983429, 1.4118067586421967, 1.3988500320911408, 1.3707852709293364, 1.3855138856172562, 1.38120956659317, 1.4489198178052902, 1.3865429079532623, 1.3808762496709823, 1.3703804451227188, 1.399492467045784, 1.3811410087347031, 1.405915134549141, 1.388921030163765, 1.427025158405304, 1.3913250172138214, 1.403031514286995, 1.3635713362693787, 1.3838305979967118, 1.3513846760988235, 1.3600040060281753, 1.3771468180418014, 1.368098823428154, 1.4158116048574447, 1.371620621085167, 1.390916869044304, 1.4002958071231841, 1.3759860801696777, 1.3935863763093947, 1.353887791633606, 1.4088939732313157, 1.3798007225990296, 1.399729130268097, 1.400647896528244, 1.3702892255783081, 1.3790974473953248, 1.3619148951768876, 1.352892673611641, 1.4064618986845017, 1.3731016057729721, 1.3803585135936738, 1.3609407430887221, 1.3830963188409806, 1.4106757628917694, 1.3680931061506272, 1.3962867450714112, 1.3489661741256713, 1.3940244019031525, 1.3733316951990127, 1.404980537891388, 1.3963499772548675, 1.3627570873498918, 1.3640284252166748, 1.3773801398277283, 1.3641147142648697, 1.380153638124466, 1.3947840636968614, 1.383854123353958, 1.3731690418720246, 1.3873891299962997, 1.3946406596899033, 1.3876353514194488, 1.341001507639885, 1.4253330540657043, 1.3796351331472396, 1.3804678338766099, 1.4202062034606933, 1.3953434711694717, 1.4218604505062102, 1.3945895797014236, 1.3843001019954682, 1.3696232432126998, 1.377406731247902, 1.3758704167604447, 1.3676186895370483, 1.4117060816287994, 1.391308890581131, 1.368970529437065, 1.349564906358719, 1.4016532808542252],