{"train_losses": [82.5610740139977, 1.5931254557111145, 1.4516583004578867, 1.3950149662790898, 1.3557356170327122, 1.3303011302203689, 1.3099508037514627, 1.2945853071276126, 1.2784169149407365, 1.2652516735279307, 1.2572414549538071, 1.2461971132085172, 1.2355002166053626, 1.2286404296416884, 1.2243600634544525, 1.2191257621858405, 1.2100942797971337, 1.2047112045645971, 1.1992640823789382, 1.1979743712308564, 1.1977397338080298, 1.191631340084391, 1.1896563984145094, 1.1861134837953446, 1.1820055635488573, 1.1800190080915993, 1.1781379166033554, 1.1748131409426583, 1.172725792739675, 1.171054989591808, 1.1700894150232795, 1.1669606508850794, 1.1662373477144905, 1.1672317027717451, 1.163449943807669, 1.1613049780263665, 1.1574032351763477, 1.1582889170817334, 1.1587060793238964, 1.1590068823403081, 1.1546858849424422, 1.1555608067111247, 1.1534472635224986, 1.1514734369888813, 1.1523522539503528, 1.1513365510621938, 1.1489532540610512, 1.1479590427142055, 1.145574711500414, 1.1482960814090617, 1.1459805977766897, 1.1427826022513894, 1.1458886789453637, 1.1458890034317941, 1.1430575399199598, 1.144230783991703, 1.1398663031789484, 1.1402209462989938, 1.1417735758254708, 1.1411550203478733, 1.1412015323765061, 1.1398301959423063, 1.1400900195881827, 1.1361050754250424, 1.1379296818731617, 1.1354793305385047, 1.1346824003130676, 1.1357933283351613, 1.1360850138244145, 1.1347073993244496, 1.1346542898236436, 1.1362816376608469, 1.1347859866073435, 1.1341228728477595, 1.1341420887744909, 1.135244408434648, 1.1372416326952288, 1.1340396328779507, 1.131084321431061, 1.1322766115983935, 1.1311247488700062, 1.1326103943627732, 1.1315355283066164, 1.1299780940564306, 1.1310294840805035, 1.1315620614205475, 1.133110190853423, 1.1301968579147317, 1.1272075813953062, 1.1306910452258796, 1.1294635383954938, 1.1289324096752062, 1.1285994573589258, 1.1261621553960073, 1.1272387875162417, 1.1286105613246729, 1.126174099149389, 1.126859119899084, 1.125275362599601, 1.1257126647760516, 1.127012126977175, 1.124625250465253, 1.1246342055030436, 1.1274177645463992], "val_lossers": [1.6797888588905334, 1.50022775888443, 1.43287138402462, 1.326770337820053, 1.2791061943769455, 1.3128946751356125, 1.2462517935037614, 1.2663753074407578, 1.2426493924856186, 1.2102128660678864, 1.2073602122068405, 1.2290031760931015, 1.1955350077152251, 1.210736343562603, 1.208446044921875, 1.1852338728308678, 1.1592340460419654, 1.1489001768827438, 1.1893708091974258, 1.1598981174826621, 1.1407251274585724, 1.170461665391922, 1.165435954630375, 1.1404157227277756, 1.1499373835325242, 1.1822403585910797, 1.1657753470540047, 1.1338261896371842, 1.1498790150880813, 1.2092090594768523, 1.1454217284917831, 1.1639186093211173, 1.1899345988035201, 1.1835892045497893, 1.1099868959188461, 1.1313954997062683, 1.0944579899311067, 1.1183076405525207, 1.1260283771157265, 1.1364547568559646, 1.1475213393568993, 1.1357025784254073, 1.1275935426354409, 1.166539080142975, 1.1616689828038216, 1.1451251098513604, 1.108644348680973, 1.1175339621305467, 1.107709500491619, 1.1201189336180688, 1.126978922188282, 1.1408856588602065, 1.1590146708488465, 1.1283874502778053, 1.1829048305749894, 1.1247902971506119, 1.118271490931511, 1.0861526310443879, 1.122166437804699, 1.1290866383910179, 1.11093467772007, 1.1259890818595886, 1.10061083227396, 1.1019591847062111, 1.1451469978690147, 1.0788111850619315, 1.1200091972947122, 1.1224119755625726, 1.119168367087841, 1.1305106955766677, 1.1232193714380265, 1.1697548457980156, 1.1317551231384277, 1.1484956866502762, 1.1055647054314612, 1.0946370038390159, 1.157860741019249, 1.111654564142227, 1.105306912958622, 1.1027220463752747, 1.0949830812215806, 1.108120546042919, 1.149318404495716, 1.1779890203475951, 1.1429920598864556, 1.161262900531292, 1.1178007918596267, 1.1171037074923515, 1.178949966430664, 1.138029932975769, 1.112537382543087, 1.142298454940319, 1.1068307492136955, 1.1306394004821778, 1.118204775750637, 1.0809810808300973, 1.0980358269810677, 1.1281135392189026, 1.1120876899361611, 1.1236480197310448, 1.1070141011476518, 1.1199626064300536, 1.1239032340049744, 1.1126032263040542],