{"train_losses": [2.6227260409201736, 1.5060168982608084, 1.3884968315125197, 1.339547091218767, 1.3101783327745826], "val_lossers": [1.571601738333702, 1.4361990469694137, 1.2946726077795028, 1.3120198500156404, 1.252086160182953], "cdr_rmsd": [[1.6688320636749268, 1.7187113761901855, 3.365940570831299, 2.1475889682769775, 1.1873846054077148, 1.7377591133117676], [1.541412353515625, 1.5790120363235474, 3.221057653427124, 1.787318468093872, 0.9556422233581543, 1.5339182615280151], [1.303061842918396, 1.3699618577957153, 2.934891939163208, 1.4645206928253174, 0.8328599333763123, 1.288163661956787], [1.3020473718643188, 1.2771961688995361, 2.9865927696228027, 1.4813072681427002, 0.6831205487251282, 1.3364546298980713], [1.2475084066390991, 1.2442623376846313, 2.877089738845825, 1.3891181945800781, 0.7025527358055115, 1.3186728954315186]]}