{"train_losses": [79.9009764614585, 1.8864475744324845, 1.8034078762591401, 1.7642431764946036, 1.739535740890163, 1.7272793891558218, 1.7201834974347565, 1.7117136953511451, 1.7040452366341254, 1.7011453615813015, 1.6942700127214698, 1.6920568406873508, 1.6880571829780642, 1.6858097835580732, 1.6833588420529688, 1.6806384046259286, 1.6773877945916593, 1.675657001459648, 1.6742045287056408, 1.6725648505716728, 1.6732683352029634, 1.6716555041869632, 1.6710813617993443, 1.6709374640954362, 1.6711571677208785, 1.669909436562746, 1.6691090500110994, 1.6704350971933322, 1.668649370084666, 1.6649796736911884, 1.6691887424456073, 1.6674156004565077, 1.6637720965992147, 1.6650205386311596, 1.6653725839501685, 1.6651806748282758, 1.6611326516699034, 1.662313798338029, 1.6653054638035159, 1.6621255552794132, 1.6606872558309598], "val_lossers": [2.038159807920456, 1.9366395395994187, 1.907434452176094, 1.8646567624807358, 1.8283573585748671, 1.831198068857193, 1.8248771941661834, 1.7777587217092514, 1.797979520559311, 1.7795705538988114, 1.8258603137731553, 1.8507450997829438, 1.7751566660404205, 1.7755012583732606, 1.7938918083906175, 1.7598485743999481, 1.8146247202157975, 1.7722952163219452, 1.777510206103325, 1.8107800316810607, 1.794911795258522, 1.826386018395424, 1.7905620867013932, 1.7720044004917144, 1.7772833108901978, 1.8002432823181151, 1.7585516875982286, 1.802323499917984, 1.7665455758571624, 1.7255319291353226, 1.7533761006593704, 1.7807472771406174, 1.7534907031059266, 1.77354185461998, 1.7614510369300842, 1.7778216999769212, 1.7391446948051452, 1.748675000667572, 1.7572358769178391, 1.8123488223552704, 1.754574350118637], "cdr_rmsd": [[2.0364224910736084, 2.006751775741577, 4.151646137237549, 2.41925048828125, 1.5279393196105957, 2.112072706222534], [1.8707443475723267, 1.8550480604171753, 4.061948776245117, 2.160308599472046, 1.2861477136611938, 2.0097947120666504], [1.7456276416778564, 1.8564304113388062, 4.006548881530762, 2.0602540969848633, 1.2285842895507812, 1.9210819005966187], [1.7376359701156616, 1.8102298974990845, 3.912583827972412, 1.9919793605804443, 1.13675856590271, 2.0009169578552246], [1.6208833456039429, 1.717104434967041, 3.896383762359619, 1.9164625406265259, 1.0812041759490967, 1.8490266799926758], [1.6998721361160278, 1.7549327611923218, 3.85270357131958, 2.0262486934661865, 1.0694630146026611, 1.8336889743804932], [1.6227470636367798, 1.7483949661254883, 3.8576934337615967, 1.891941785812378, 1.1872780323028564, 1.7970308065414429], [1.6197541952133179, 1.6944336891174316, 3.7819247245788574, 1.862350583076477, 1.0626189708709717, 1.7685328722000122], [1.635986328125, 1.6919798851013184, 3.8249311447143555, 1.883567452430725, 1.0714656114578247, 1.7785876989364624], [1.6194589138031006, 1.6706172227859497, 3.805206537246704, 1.8423278331756592, 1.0480623245239258, 1.7308310270309448], [1.5959422588348389, 1.724758505821228, 3.9114255905151367, 1.8742873668670654, 1.0739428997039795, 1.808351755142212], [1.6107712984085083, 1.7626738548278809, 3.9482245445251465, 1.8976157903671265, 1.1599117517471313, 1.8977677822113037], [1.6107181310653687, 1.6879969835281372, 3.797098159790039, 1.8266047239303589, 1.0238394737243652, 1.7580889463424683], [1.5989701747894287, 1.6531144380569458, 3.8091535568237305, 1.7973483800888062, 1.0311123132705688, 1.748842716217041], [1.6108520030975342, 1.711422085762024, 3.7962722778320312, 1.863807201385498, 1.126430869102478, 1.8243145942687988], [1.5786285400390625, 1.708150029182434, 3.7775967121124268, 1.8275288343429565, 1.0598232746124268, 1.7200512886047363], [1.6654353141784668, 1.773208498954773, 3.855289936065674, 1.8763642311096191, 1.1470595598220825, 1.8096380233764648], [1.5782279968261719, 1.6829817295074463, 3.8091344833374023, 1.8750114440917969, 0.999002993106842, 1.7746093273162842], [1.5948381423950195, 1.6814286708831787, 3.7693986892700195, 1.8866958618164062, 1.0863003730773926, 1.821620225906372], [1.603531002998352, 1.653447151184082, 3.9179091453552246, 1.8620147705078125, 1.011460304260254, 1.8072922229766846], [1.6387388706207275, 1.708958625793457, 3.8476662635803223, 1.853274941444397, 1.042961835861206, 1.844482421875], [1.6044907569885254, 1.7596657276153564, 3.8905675411224365, 1.8419276475906372, 1.0863534212112427, 1.8183643817901611], [1.5817843675613403, 1.6504956483840942, 3.8219854831695557, 1.8082761764526367, 0.9833223819732666, 1.842258334159851], [1.6262516975402832, 1.6400551795959473, 3.7994565963745117, 1.7995761632919312, 1.018558382987976, 1.7097947597503662], [1.5718690156936646, 1.6605019569396973, 3.809638738632202, 1.7997010946273804, 1.0111981630325317, 1.7534030675888062], [1.5789905786514282, 1.6581724882125854, 3.8575851917266846, 1.7774697542190552, 1.0575636625289917, 1.8303542137145996], [1.613488793373108, 1.6578567028045654, 3.7793381214141846, 1.8156126737594604, 0.9785974025726318, 1.7847771644592285], [1.6359362602233887, 1.663450002670288, 3.863665819168091, 1.8095170259475708, 1.0548088550567627, 1.7780512571334839], [1.614452838897705, 1.6322566270828247, 3.796165704727173, 1.7924342155456543, 1.0230485200881958, 1.7089180946350098], [1.5251041650772095, 1.6109497547149658, 3.7374703884124756, 1.7683427333831787, 0.9400447010993958, 1.688997745513916], [1.6058638095855713, 1.6518751382827759, 3.757871627807617, 1.8691238164901733, 1.1933571100234985, 1.7069789171218872], [1.542852520942688, 1.6576379537582397, 3.8430612087249756, 1.764549732208252, 1.0067733526229858, 1.7483094930648804], [1.5987046957015991, 1.6347877979278564, 3.7745208740234375, 1.7968521118164062, 0.9951503276824951, 1.7328861951828003], [1.618086814880371, 1.648146629333496, 3.8139896392822266, 1.784726619720459, 1.0656342506408691, 1.8075696229934692], [1.5671480894088745, 1.6249778270721436, 3.7930657863616943, 1.7395508289337158, 1.003578782081604, 1.7429052591323853], [1.5744825601577759, 1.628285527229309, 3.8541762828826904, 1.7424790859222412, 1.0218983888626099, 1.7757259607315063], [1.554396152496338, 1.5855093002319336, 3.7432079315185547, 1.7791873216629028, 0.9664254784584045, 1.7195367813110352], [1.535065770149231, 1.604994773864746, 3.766070604324341, 1.812773585319519, 0.9667436480522156, 1.7214043140411377], [1.510267734527588, 1.6159977912902832, 3.795626163482666, 1.7439634799957275, 1.0146760940551758, 1.7341129779815674], [1.580543875694275, 1.6861250400543213, 3.9462974071502686, 1.7680717706680298, 1.0316872596740723, 1.8916019201278687], [1.5387219190597534, 1.6027902364730835, 3.773271083831787, 1.8264572620391846, 0.9958953261375427, 1.7260838747024536]]}