{"train_losses": [270.3265881375716, 2.0196970881586984, 1.8367387000698778, 1.7258921561128133, 1.6169342236539408, 1.5764503410794617, 1.553406020072136, 1.5342865138924917, 1.5215170345781293, 1.5175034587452336, 1.5024809756860056, 1.4957854067106295, 1.4891821417706932, 1.4839513840103424, 1.4839561767974252, 1.4710486452916836, 1.469892360204026, 1.464747297997848, 1.4607842871952719, 1.45460964734685, 1.4532942757213803, 1.4507287056331346, 1.4526336811820029, 1.444080235628754, 1.444070860076413, 1.4398271293054508, 1.4386984542536627, 1.443733031837627, 1.4364312585387071, 1.4370522355816426, 1.4340177299960937, 1.4341100976887804, 1.4338076408468197, 1.4360921291720505, 1.4303830698942321, 1.4323931919749284, 1.4276150973156534, 1.432562173939733, 1.4301169981561497, 1.4255123877742228, 1.424101188661152], "val_lossers": [2.15348242521286, 1.86021338224411, 1.7328836083412171, 1.6016390085220338, 1.6290262442827226, 1.593270724415779, 1.4959594011306763, 1.462570344209671, 1.5171262443065643, 1.543085367679596, 1.4688581836223602, 1.4632971501350402, 1.520844624042511, 1.4411920815706254, 1.4839290738105775, 1.4392916387319565, 1.4299989610910415, 1.4367510420084, 1.4352662014961242, 1.4203833276033402, 1.4158141791820527, 1.40048073887825, 1.4155975711345672, 1.391195132136345, 1.4156622022390366, 1.4147738593816757, 1.4329116386175156, 1.4131963860988617, 1.3929746556282043, 1.4108801871538161, 1.3789139664173127, 1.401772323846817, 1.471665050983429, 1.4118067586421967, 1.3988500320911408, 1.3707852709293364, 1.3855138856172562, 1.38120956659317, 1.4489198178052902, 1.3865429079532623, 1.3808762496709823], "cdr_rmsd": [[2.984647274017334, 2.6983916759490967, 4.028030872344971, 3.2343146800994873, 2.436264753341675, 2.721604108810425], [2.349958896636963, 2.2563953399658203, 3.631004571914673, 2.7214479446411133, 1.8146641254425049, 2.253638982772827], [2.1015326976776123, 1.9441888332366943, 3.5232763290405273, 2.4407265186309814, 1.562577247619629, 2.082740306854248], [1.9067953824996948, 1.8498965501785278, 3.3609912395477295, 2.277834415435791, 1.3312773704528809, 1.845793604850769], [1.792041301727295, 1.827288031578064, 3.433624505996704, 2.1853480339050293, 1.3617706298828125, 1.8837687969207764], [1.8206521272659302, 1.7593636512756348, 3.346142530441284, 2.1612770557403564, 1.265334129333496, 1.8725007772445679], [1.6784443855285645, 1.6997708082199097, 3.1699259281158447, 2.0280678272247314, 1.1526918411254883, 1.7329195737838745], [1.5844030380249023, 1.5763800144195557, 3.166348934173584, 1.9282851219177246, 1.080641269683838, 1.6997030973434448], [1.677011251449585, 1.644140601158142, 3.2783191204071045, 1.94484281539917, 1.1607123613357544, 1.6877028942108154], [1.6254583597183228, 1.7418584823608398, 3.2945051193237305, 1.9975167512893677, 1.211073875427246, 1.810676097869873], [1.5759193897247314, 1.549981713294983, 3.2105283737182617, 1.8905290365219116, 1.09493887424469, 1.7076908349990845], [1.6023080348968506, 1.5392171144485474, 3.184976100921631, 1.9460467100143433, 1.0597922801971436, 1.6261487007141113], [1.6702258586883545, 1.6828361749649048, 3.243215322494507, 2.059072971343994, 1.2954223155975342, 1.7042323350906372], [1.5714346170425415, 1.5426608324050903, 3.1207516193389893, 1.845781683921814, 1.0783807039260864, 1.6321306228637695], [1.557057499885559, 1.5823360681533813, 3.267329692840576, 1.8502033948898315, 1.0445408821105957, 1.6560637950897217], [1.579514741897583, 1.5777273178100586, 3.124218702316284, 1.864742398262024, 0.9892971515655518, 1.614113450050354], [1.5331695079803467, 1.5412400960922241, 3.0988664627075195, 1.8420517444610596, 1.012771487236023, 1.5910353660583496], [1.5427097082138062, 1.5552079677581787, 3.1318089962005615, 1.865363359451294, 0.9825425744056702, 1.6539286375045776], [1.572667121887207, 1.548006534576416, 3.131040334701538, 1.846325397491455, 1.051435947418213, 1.5880804061889648], [1.4927847385406494, 1.5346179008483887, 3.121553421020508, 1.7996243238449097, 0.9795974493026733, 1.5475256443023682], [1.5298333168029785, 1.4840654134750366, 3.113501787185669, 1.8080706596374512, 0.9212362766265869, 1.5763717889785767], [1.5174435377120972, 1.50294828414917, 3.045029640197754, 1.8326839208602905, 1.039320707321167, 1.6110830307006836], [1.5253863334655762, 1.5235344171524048, 3.086134433746338, 1.812648057937622, 0.9673143625259399, 1.5643130540847778], [1.4966830015182495, 1.5047521591186523, 3.039799690246582, 1.743178367614746, 0.9523040652275085, 1.570469617843628], [1.5266287326812744, 1.4666972160339355, 3.123035192489624, 1.7835204601287842, 0.957754373550415, 1.548913598060608], [1.535336971282959, 1.5106444358825684, 3.056367874145508, 1.8634551763534546, 0.9935575723648071, 1.5782166719436646], [1.5689740180969238, 1.5832198858261108, 3.0933120250701904, 1.8549597263336182, 0.9806340932846069, 1.6496092081069946], [1.4991869926452637, 1.5277835130691528, 3.0571422576904297, 1.8402070999145508, 1.0438350439071655, 1.6151952743530273], [1.5169744491577148, 1.4770163297653198, 3.0831809043884277, 1.779355764389038, 0.975771963596344, 1.5647588968276978], [1.501602053642273, 1.5567306280136108, 3.0829269886016846, 1.7755416631698608, 0.9944642782211304, 1.6156622171401978], [1.4573571681976318, 1.5007244348526, 3.0508551597595215, 1.7206839323043823, 0.8887816071510315, 1.4953747987747192], [1.4550652503967285, 1.6054664850234985, 3.0468132495880127, 1.770288348197937, 0.99127596616745, 1.583687424659729], [1.570167064666748, 1.634090781211853, 3.213665246963501, 1.8205088376998901, 0.9769433736801147, 1.6327240467071533], [1.489097237586975, 1.503867506980896, 3.122535467147827, 1.7498698234558105, 0.9717298150062561, 1.568100929260254], [1.4513150453567505, 1.5274087190628052, 3.086789608001709, 1.7414547204971313, 0.9130216836929321, 1.5084550380706787], [1.4382350444793701, 1.4893476963043213, 3.016878128051758, 1.7099395990371704, 0.905842125415802, 1.5457239151000977], [1.4850239753723145, 1.500455379486084, 3.0283074378967285, 1.7717186212539673, 0.9702962636947632, 1.5650341510772705], [1.4857293367385864, 1.4531350135803223, 3.057643175125122, 1.6990232467651367, 0.908466637134552, 1.5345449447631836], [1.4697587490081787, 1.515997052192688, 3.1855711936950684, 1.7404571771621704, 1.0195986032485962, 1.681699514389038], [1.4848837852478027, 1.4372646808624268, 3.052842617034912, 1.7386672496795654, 0.9776400923728943, 1.5366023778915405], [1.4625375270843506, 1.4434841871261597, 3.0402638912200928, 1.808040976524353, 0.9178375005722046, 1.5082768201828003]]}