{"train_losses": [0.6338614211599161, 1.061801846662678, 1.4429409312557755, 1.807015758553772, 2.1622028096763897, 2.490423273426482, 2.815348809277414, 3.139627444804931, 3.45534928792704, 3.7639841649660597, 4.085533900500892, 4.0687187781526335, 4.073538875590892, 4.076812254973378, 4.076101492309394, 4.075106295368225, 4.095817812879143, 4.070759441033144, 4.085420105640875, 4.084802462544866, 4.084048448057918, 4.082828028967296, 4.073832853135682, 4.081429777539064, 4.0756483336216, 4.074785020223133, 4.084854583986836, 4.074369240227347, 4.084926691231126, 4.083332768923055, 4.0657831319851425, 4.077738348816233, 4.081675444717531, 4.090019445306516, 4.082258222662673, 4.064558381301132, 4.0862922044764645, 4.089065953425663, 4.07603560056337, 4.077782677835569, 4.083453173263617, 4.0820308499079685, 4.087165594377412, 4.069362119006093, 4.088636242972898, 4.084418978783991, 4.072292619379642, 4.075533922865351, 4.068035931113921, 4.0796016363465055, 4.074447258477529, 4.069263615280887, 4.086830085997016, 4.081873485600793, 4.078257243686351, 4.099247884966005, 4.089573804351306, 4.067320913905779, 4.079950196927687, 4.063197718591106, 4.084487776477616, 4.079608841458809, 4.081749491987954, 4.0823447659805225, 4.07417420465119, 4.078998846860675, 4.07082733149763, 4.086494399659709, 4.071252710578172, 4.071053767746145, 4.081461357246525, 4.07240230729717, 4.070848137886714, 4.07089575539051, 4.062629670761733, 4.089576310953316, 4.084952205143081, 4.074224470442434, 4.076300496460113, 4.092323870351452, 4.093732949477622, 4.0860391773960805, 4.0841809482156455, 4.090940017066551, 4.084210355781669, 4.098805232951504, 4.070906640260251, 4.082652383948743, 4.0883016431209995, 4.086842527720171, 4.077531350897504, 4.080403445243614, 4.080772636385707, 4.076010330184492, 4.069256754056421, 4.08113600637121, 4.087699947419105, 4.08284365121752, 4.078223422556729, 4.0815498427192445, 4.086874053628635], "val_lossers": [0.5841296729445458, 0.9684923782944679, 1.3390248364210129, 1.5758794862031937, 1.8892785608768463, 2.1045973080396654, 2.3900703525543214, 2.625891478061676, 2.806575642824173, 3.019100900888443, 3.225826050043106, 3.230460847616196, 3.2058460569381713, 3.2444750797748565, 3.202896126508713, 3.2031989872455595, 3.28340270280838, 3.2360297989845277, 3.1940514862537386, 3.302690317630768, 3.205486532449722, 3.2269372260570526, 3.269229826927185, 3.228791447877884, 3.2086436116695403, 3.2749555802345274, 3.2212972807884217, 3.299616507291794, 3.196165976524353, 3.320065808296204, 3.192412133216858, 3.2583064317703245, 3.3551257467269897, 3.2578679895401, 3.233063156604767, 3.2545471143722535, 3.2443514335155488, 3.251507660150528, 3.15278382897377, 3.19719202876091, 3.25650536775589, 3.2177441334724426, 3.2611387157440186, 3.2550733041763307, 3.2546969556808474, 3.279919339418411, 3.402991803884506, 3.1544615912437437, 3.245800886154175, 3.2027664291858673, 3.2142906260490416, 3.3186317431926726, 3.2640860903263094, 3.344225789308548, 3.2774344885349276, 3.2415092861652375, 3.2995073759555815, 3.25591366648674, 3.261223454475403, 3.309803549051285, 3.290721478462219, 3.1944433915615082, 3.2875944674015045, 3.2207739293575286, 3.19618217587471, 3.1860800731182097, 3.214377363920212, 3.2515576672554016, 3.2016095197200776, 3.1945519173145294, 3.436638369560242, 3.222748893499374, 3.2135386860370634, 3.354637497663498, 3.435473312139511, 3.3056777465343474, 3.208396525382996, 3.250227324962616, 3.280285905599594, 3.264195088148117, 3.3398891353607176, 3.259583742618561, 3.410499941110611, 3.229190548658371, 3.353196915388107, 3.276549121141434, 3.1988170671463014, 3.247464791536331, 3.217469938993454, 3.296761603355408, 3.1967794728279113, 3.166080547571182, 3.2272993290424346, 3.2497327864170074, 3.223774697780609, 3.242182638645172, 3.2100635921955107, 3.2891158282756807, 3.1678055000305174, 3.1533746337890625, 3.1990461027622223], "cdr_rmsd": [[0.6753974723815918, 0.5904724061489105, 1.2827545082569123, 0.7062670163810253, 0.38110792234539986, 0.657487483471632], [0.7083380898833275, 0.6413358953595162, 1.3639697924256324, 0.7704020848870278, 0.4085226656496525, 0.7146912661194801], [0.75620100826025, 0.7067828062176704, 1.5468101477622986, 0.8186736264824868, 0.47982212007045744, 0.7938522103428841], [0.8023020175099372, 0.7673286026716233, 1.5312880194187164, 0.8938496229052544, 0.47129939556121825, 0.8798818638920785], [0.831344245672226, 0.8318811327219009, 1.7391527301073075, 0.9401361805200577, 0.5689996385574341, 0.9286552482843399], [0.8505574840307236, 0.8567548513412475, 1.7484402644634247, 0.9957187438011169, 0.5279532733559609, 0.9415278095006943], [0.8797601187229156, 0.9373597508668899, 1.8867140638828277, 1.0446516752243042, 0.6271740251779556, 0.9849723941087722], [0.9390201610326767, 0.956929349899292, 1.9819726395606994, 1.1473860800266267, 0.6411727666854858, 1.0201795190572738], [0.9413148283958435, 0.9782479053735733, 2.0533711540699007, 1.1846025323867797, 0.7019007033109665, 1.0880478125810624], [0.9362927854061127, 1.0214909428358079, 2.0966656959056853, 1.1968297207355498, 0.6581206670403481, 1.0872205311059953], [0.9696548402309417, 1.0727493625879287, 2.199461629986763, 1.2376677149534225, 0.8323194658756257, 1.1487060225009917], [0.9869923526048661, 1.0479261243343354, 2.1857122671604157, 1.2944297075271607, 0.7685875284671784, 1.1438199895620347], [0.9651944422721863, 1.0466828083992004, 2.1298721492290498, 1.2379784685373307, 0.8079709070920944, 1.1340678709745406], [0.9837778979539871, 1.0623520600795746, 2.182542467713356, 1.2599494940042495, 0.7920994615554809, 1.119271875023842], [0.9861342507600784, 1.090593814253807, 2.1456451600790025, 1.2938238626718521, 0.7302437201142311, 1.1236893993616104], [0.9654055106639862, 1.0888972121477127, 2.2277778601646423, 1.2423749816417695, 0.6744570752978325, 1.1497186136245727], [0.9493681412935256, 1.0514265245199204, 2.18780019402504, 1.2790459841489792, 0.7149340373277664, 1.1287692558765412], [0.9447507667541504, 1.050769744515419, 2.2087357890605928, 1.2179316794872284, 0.6890447014570236, 1.1216509968042374], [0.975980082154274, 1.0510749715566634, 2.18559383392334, 1.2919198650121688, 0.7318973240256309, 1.1341704827547074], [0.9972416877746582, 1.1459408354759217, 2.1930252647399904, 1.2811302208900452, 0.8685005801916122, 1.1398776412010192], [0.9712733536958694, 1.051198849081993, 2.2249322611093523, 1.26036346077919, 0.7907307142019272, 1.1480926781892777], [0.9621206361055374, 1.0965355229377747, 2.2287405622005463, 1.2511465322971345, 0.5897992461919784, 1.1158753693103791], [0.9698488384485244, 1.0432418978214264, 2.212820979952812, 1.2173858487606048, 0.6495470368862152, 1.1336281651258469], [0.9864539957046509, 1.0492606902122497, 2.1843829876184464, 1.255079569220543, 0.7577408397197724, 1.160891375541687], [0.9537339186668397, 1.0270316296815871, 2.1984421414136888, 1.1896255487203597, 0.6472138684988021, 1.1047572284936904], [0.9637335467338563, 1.0980481427907944, 2.194731924533844, 1.2969430869817733, 0.8034660232067108, 1.1297482293844223], [0.974210473895073, 1.1016855424642562, 2.1875935935974122, 1.2580084711313249, 0.8047900480031968, 1.1326781845092773], [0.9836014878749847, 1.089945194721222, 2.156192773580551, 1.2711309069395065, 0.7587811878323555, 1.1826824998855592], [0.9714477694034577, 1.0553601813316345, 2.2017199283838274, 1.2116623187065125, 0.6452549546957016, 1.1384116685390473], [0.9472800159454345, 1.0569868117570878, 2.2179618567228316, 1.210377813577652, 0.7281959441304207, 1.166019145846367], [0.9550678306818008, 1.046738708615303, 2.2390040785074232, 1.216792067885399, 0.6890728130936623, 1.166504562497139], [1.006523111462593, 1.076131129860878, 2.169737493991852, 1.2933109843730926, 0.6127028062939643, 1.1650078409910203], [0.9686989480257034, 1.077199506163597, 2.1624181777238847, 1.2243397665023803, 0.7481172555685043, 1.118080182671547], [0.966022886633873, 1.0793814325332642, 2.2310545855760573, 