{"train_losses": [4.463509773295462, 2.0017583509381307, 1.7170949269709974, 1.5767275183965144, 1.4925200153195688, 1.4516388724295146, 1.4093409197182176, 1.374277802061236, 1.3485640805874144, 1.317564724449906, 1.301805067119416, 1.2840012141391992, 1.270013772300556, 1.2581933911907617, 1.2407644177737989, 1.2371116887439382, 1.2235772279461035, 1.2155052129161414, 1.2086143939118636, 1.2020535389202063, 1.1939942443770084, 1.1977022966699737, 1.1790057835966776, 1.1775873855540626, 1.173262881205983, 1.1642588272049097, 1.1628573583643973, 1.158780626874221, 1.1558263740471104, 1.1571529835034786, 1.1504712770430094, 1.1501157919185583, 1.1417820956718407, 1.1430589706703806, 1.1371688223341436, 1.1387462756850504, 1.1381197734882957, 1.1324328417412972, 1.1286380272732968, 1.1337478398135974, 1.1295978043638348, 1.1216219651071648, 1.1209491348152525, 1.1230254742517425, 1.1171668072066239, 1.1126108414248417, 1.1145438289528258, 1.1150217924962202, 1.1070417667119696, 1.1066969315971484, 1.1038556914010116, 1.1000014244084153, 1.1008954194744238, 1.0996979718573356, 1.0970802326521805, 1.1023813192924243, 1.0913791972484315, 1.0911054004892777, 1.0879374245422309, 1.0920852697637093, 1.087872408565722, 1.086838602563411], "val_lossers": [2.2727248430252076, 1.6880477952957154, 1.523317904472351, 1.5483123779296875, 1.6082608270645142, 1.3538350200653075, 1.3340662050247192, 1.3293093609809876, 1.3115051436424254, 1.2804443168640136, 1.2520356321334838, 1.2685813307762146, 1.1977756595611573, 1.2615934491157532, 1.2777295756340026, 1.2335847592353821, 1.187101652622223, 1.1964676189422607, 1.1358074355125427, 1.2492448592185974, 1.252075924873352, 1.1750130319595338, 1.144569170475006, 1.1348063039779663, 1.1990316677093507, 1.099902560710907, 1.1652406215667725, 1.0729087042808532, 1.0925496268272399, 1.135725085735321, 1.0799709272384643, 1.0860582447052003, 1.082144000530243, 1.1271817946434022, 1.0773647689819337, 1.1209875750541687, 1.0834434533119202, 1.063513309955597, 1.064735848903656, 1.147004609107971, 1.0588832998275757, 1.1030528736114502, 1.1162769985198975, 1.0818407487869264, 1.0456514024734498, 1.1028174424171449, 1.1251986503601075, 1.0637860012054443, 1.1087213492393493, 1.0522367286682128, 1.0820223546028138, 1.0821255683898925, 1.0421775794029235, 1.0653378248214722, 1.0425320506095885, 1.0544577717781067, 1.0865905618667602, 1.008415024280548, 1.1722790169715882, 1.0642655825614928, 1.0392544293403625, 1.0921145844459534], "cdr_rmsd": [[3.179613332748413, 2.648932180404663, 4.049502487182617, 3.555179462432861, 3.1308275032043458, 3.0821650409698487], [2.141623592376709, 2.070414786338806, 3.343337850570679, 2.4653165340423584, 1.2578863668441773, 2.0619050645828247], [1.6730393409729003, 1.6991769313812255, 3.174851350784302, 2.165303783416748, 1.2037174797058106, 1.845027298927307], [1.7156066751480104, 1.7993422555923462, 3.2443716049194338, 2.1081695222854613, 1.3033590507507324, 1.9694960069656373], [1.6576703119277953, 1.7245505571365356, 3.5391461944580076, 2.000328803062439, 1.2993349313735962, 1.941221079826355], [1.5005348777770997, 1.4536561584472656, 2.9282665157318117, 1.7796678352355957, 0.9021875214576721, 1.4918692541122436], [1.3283418750762939, 1.3133344960212707, 2.986082992553711, 1.6461644220352172, 0.8571571230888366, 1.4321100449562072], [1.3745268130302428, 1.2855171155929566, 3.0115002250671385, 1.568395161628723, 0.7206170415878296, 1.5659620571136474], [1.2694505882263183, 1.332046594619751, 2.9352124309539795, 1.5638590478897094, 0.7194989693164825, 1.4242259550094605], [1.2548694157600402, 1.2991901063919067, 2.869531192779541, 1.517892518043518, 0.8174390888214111, 1.4162210321426392], [1.304668550491333, 1.2311295413970946, 2.832145299911499, 1.489116268157959, 0.6817726290225983, 1.3798488569259644], [1.1675088906288147, 1.1152195525169373, 2.964002432823181, 1.352923927307129, 0.6367951464653016, 1.4466417813301087], [1.2061138200759887, 1.149815080165863, 2.7566713762283324, 1.3177174758911132, 0.6264028990268707, 1.2254666805267334], [1.2645892524719238, 1.2783216428756714, 2.8471746921539305, 1.443526635169983, 0.8062277221679688, 1.4214197993278503], [1.2265762853622437, 1.194092526435852, 2.93481556892395, 1.3737344598770143, 0.707809636592865, 1.364655418395996], [1.1866235399246217, 1.1917659306526185, 2.84494987487793, 1.3279881429672242, 0.7248011541366577, 1.3423578023910523], [1.1916726016998291, 1.1147838020324707, 2.744928827285767, 1.3214834690093995, 0.6740483117103576, 1.2019739294052123], [1.2301448893547058, 1.1919582200050354, 2.7105629110336302, 1.3826423168182373, 0.6403435039520263, 1.291600911617279], [1.1727262949943542, 1.0459819865226745, 2.6207475900650024, 1.239820237159729, 0.6449308323860169, 1.1934296822547912], [1.1766726899147033, 1.159217154979706, 2.8920208024978638, 1.364851107597351, 0.693866651058197, 1.4788794088363648], [1.4823397016525268, 1.3119591975212097, 2.7407640743255617, 1.5798532152175904, 0.849020426273346, 1.2457420754432678], [1.1424157047271728, 1.0850528693199157, 2.6992071962356565, 1.2390595722198485, 0.669456353187561, 1.25845547914505], [1.1406694436073304, 1.1102685451507568, 2.6402538585662843, 1.262031741142273, 0.5682807207107544, 1.1970280051231383], [1.14400297164917, 1.0407082366943359, 2.6005387926101684, 1.2798535823822021, 0.6237296772003174, 1.1986343502998351], [1.1627876543998719, 1.0883918452262877, 2.762930030822754, 1.2852909612655639, 0.6517674171924591, 1.2348667192459106], [1.1596729731559754, 1.0192920303344726, 2.5364375495910645, 1.237782371044159, 0.6104539358615875, 1.127679274082184], [1.1324420118331908, 1.128988769054413, 2.682825517654419, 1.2800470280647278, 0.5943923735618591, 1.2338631939888], [1.0810482931137084, 1.0108803272247315, 2.487487096786499, 1.1586357378959655, 0.5612091946601868, 1.1224904346466065], [1.1196485257148743, 1.0520933485031128, 2.508599443435669, 1.2208583545684815, 0.597828997373581, 1.1580477952957153], [1.0623719429969787, 1.0859746217727662, 2.5990028285980227, 1.186975519657135, 0.5669448518753052, 1.2288119649887086], [1.1088720750808716, 1.0234760808944703, 2.510764870643616, 1.1385488796234131, 0.5795922243595123, 1.142087242603302], [1.0890174317359924, 1.0024665403366089, 2.483669500350952, 1.22303772687912, 0.640366736650467, 1.1858106088638305], [1.1089514541625975, 1.015269830226898, 2.5081939935684203, 1.1945104122161865, 0.5485546171665192, 1.1681289649009705], [1.141806011199951, 1.0733565807342529, 2.5875195026397706, 1.200375304222107, 0.59508584856987, 1.1902474665641785], [1.1473371553421021, 1.0383072209358215, 2.4494881010055543, 1.226537139415741, 0.5753825640678406, 1.1514708256721498], [1.0975143218040466, 1.051750946044922, 2.5717576932907105, 1.3070842599868775, 0.6282366824150085, 1.2156418013572692], [1.0858510375022887, 0.9850668835639954, 2.5248375749588012, 1.1511561846733094, 0.6111707460880279, 1.133378791809082], [1.057689940929413, 0.9890529108047486, 2.4428978157043457, 1.1457962036132812, 0.5653338992595672, 1.153431499004364], [1.0264547848701477, 1.0081290340423583, 2.4703780937194826, 1.1476897501945496, 0.5836484730243683, 1.1584571957588197], [1.2304319953918457, 1.1332638430595399, 2.565955595970154, 1.3582745361328126, 0.6419462704658508, 1.1920944261550903], [1.0537778615951539, 0.9852296900749207, 2.457359404563904, 1.1783826279640197, 0.5693078124523163, 1.1120146536827087], [1.109340398311615, 1.0689841222763061, 2.5756998538970945, 1.2032613158226013, 0.7086962723731994, 1.1469686913490296], [1.1015290880203248, 1.153906102180481, 2.574827914237976, 1.2169313049316406, 0.6103648495674133, 1.2149995875358581], [1.1621300196647644, 1.1601433444023133, 2.407197275161743, 1.2581574773788453, 0.8602049446105957, 1.1293967747688294], [1.0402778553962708, 0.9971441149711608, 2.419413480758667, 1.1118820095062256, 0.6196700310707093, 1.0936707186698913], [1.2136896967887878, 1.0898538255691528, 2.498512225151062, 1.180209324359894, 