{"train_losses": [21.085833377431186, 215.23392098467514, 37.26381823437112, 48.23329826807932, 47.056478391994126, 11.248720641923526, 1.9048907959173695, 1.724341546892014, 1.61535492191067, 1.550710840216373, 1.5142136656286986, 1.4938961048515476, 1.4654911559676416, 1.444826189629001, 1.4513304353534402, 1.4114165616278747, 1.3998257994430627, 1.395447150232177, 1.3846050014301223, 1.3587407361377368, 1.3580689791292782, 1.35957854521739, 1.3526576328918973, 1.3385861821762928, 1.3333090840664334, 1.33506043678312, 1.326677919374105, 1.3201749532696045, 1.3121018364389663, 1.3121149319885834, 1.3057159635485436, 1.3027704115922465, 1.2962220479252167], "val_lossers": [68.72069458007813, 300.48578491210935, 22.59136474609375, 59.09266372680664, 66.38687759399414, 2.0545225143432617, 1.860320725440979, 1.781547884941101, 1.5977980422973632, 1.5960316467285156, 1.5263025379180908, 1.5157766914367676, 1.4413662338256836, 1.6157370948791503, 1.4278581070899963, 1.5315772628784179, 1.461143126487732, 1.4067622566223144, 1.420169668197632, 1.4081351733207703, 1.4036303305625915, 1.4102187252044678, 1.4546047496795653, 1.4087159299850465, 1.3394951176643373, 1.3574689888954163, 1.3395428943634033, 1.382318663597107, 1.3391328859329223, 1.3583827304840088, 1.3380601406097412, 1.3028069233894348, 1.3155771827697753], "cdr_rmsd": [[100.3144155883789, 82.21710418701171, 71.7389453125, 110.41239517211915, 102.32140563964843, 76.1140608215332], [442.7201818847656, 381.2616571044922, 289.76037353515625, 485.3838299560547, 458.5669958496094, 324.6465887451172], [33.69846561431885, 32.01554847717285, 18.691709060668945, 35.923619689941404, 33.320373649597165, 22.656406211853028], [86.92724151611328, 75.62237808227539, 51.041158294677736, 95.87197967529296, 88.280013961792, 60.34910148620605], [99.61600982666016, 87.21610977172851, 59.95820846557617, 108.0121566772461, 101.67761810302734, 69.03411010742188], [2.564352102279663, 2.615453157424927, 3.7973658084869384, 3.076914110183716, 2.126752676963806, 2.4995958042144775], [2.303182692527771, 2.3749017238616945, 3.450962419509888, 2.8609785652160644, 1.7738608360290526, 2.2934124088287353], [2.382901177406311, 2.1216106367111207, 3.3231176853179933, 2.6127008962631226, 1.4834770965576172, 1.9453321552276612], [1.811448473930359, 1.800064001083374, 3.240765690803528, 2.1173856353759763, 1.0796880388259888, 1.8376042652130127], [1.7265130472183228, 1.8230409574508668, 3.2611507511138917, 2.145269432067871, 1.2542959904670716, 1.7620770883560182], [1.7799180603027345, 1.6676556968688965, 3.135204219818115, 2.0389769077301025, 1.0299934291839599, 1.6812775230407715], [1.7548040533065796, 1.5173543787002564, 3.128157205581665, 2.158473587036133, 1.0826596474647523, 1.6036395359039306], [1.5314136695861817, 1.4840159273147584, 3.055284719467163, 1.8771889591217041, 0.887761435508728, 1.5165907049179077], [1.969544334411621, 1.7126647520065308, 3.1162189626693726, 2.373294892311096, 1.5138570165634155, 1.639023253917694], [1.4973744344711304, 1.452265658378601, 3.056285300254822, 1.7812213563919068, 0.9082213139533997, 1.5797006940841676], [1.669130973815918, 1.6889603900909425, 3.0487392807006835, 2.2776926517486573, 1.262403507232666, 1.7093463563919067], [1.6644772434234618, 1.5416963243484496, 2.97872709274292, 1.890858063697815, 1.362094955444336, 1.5921265053749085], [1.4884851121902465, 1.443497323989868, 2.976529083251953, 1.7683558988571166, 0.9043857049942017, 1.482625126838684], [1.5503573751449584, 1.4927588891983032, 2.972049980163574, 1.9181000423431396, 0.8488390731811524, 1.5078985929489135], [1.5285162115097046, 1.5205562257766723, 2.9675114727020264, 1.7838169479370116, 1.3117484211921693, 1.4885609579086303], [1.4427891731262208, 1.4010800480842591, 3.03238468170166, 1.74503427028656, 0.8295483064651489, 1.4464742064476013], [1.5447216463088989, 1.4448165202140808, 2.9755711269378664, 1.8698099565505981, 0.9465094232559204, 1.4967395329475404], [1.4343771958351135, 1.5013940525054932, 2.9083603763580324, 1.9328001260757446, 1.048947150707245, 1.4752141666412353], [1.4387950563430787, 1.447154483795166, 3.0169941759109498, 1.7411039924621583, 0.9702084016799927, 1.4936991333961487], [1.3439936995506288, 1.344445254802704, 2.8955974197387695, 1.6319861221313476, 0.8340957164764404, 1.3787841391563416], [1.4826711320877075, 1.3866625714302063, 2.886103630065918, 1.643567123413086, 0.8684872555732727, 1.4351796507835388], [1.3537520313262938, 1.353024172782898, 2.903486008644104, 1.6239553880691528, 0.9207746744155884, 1.3654788112640381], [1.4026248168945312, 1.4268289017677307, 2.981617670059204, 1.6706884431838989, 0.8033009147644044, 1.5901945734024048], [1.3647485327720643, 1.5074295377731324, 2.848778796195984, 1.6447839069366454, 1.1335949945449828, 1.3811755442619325], [1.4041801404953003, 1.4849811935424804, 2.8734784173965453, 1.6810774946212768, 0.9570818781852722, 1.4544195747375488], [1.4764865922927857, 1.3827879333496094, 2.860582938194275, 1.6760624766349792, 0.7469622278213501, 1.44981210231781], [1.3062894082069396, 1.3017483472824096, 2.827953782081604, 1.5846542501449585, 0.8215147614479065, 1.367947483062744], [1.3906289339065552, 1.3762856721878052, 2.831117992401123, 1.568209309577942, 0.9325302529335022, 1.3597426748275756]]}