{"train_losses": [4.011574402368577, 2.1761685177435015, 1.742798603753212, 1.594194266537346, 1.4999900611742971, 1.4479017828855532, 1.3932862070584342, 1.3675608403828678, 1.3576794662590592, 1.3335264175300916, 1.3101354649425216, 1.2961573726281606, 1.2811034448403373, 1.2741207842592406, 1.2618528709009096, 1.252724741794625, 1.2489531656143174, 1.2442755636677891, 1.2337659941312333, 1.2284912341490306, 1.2321651817363357, 1.213692198934272, 1.214550762760396, 1.2055373913392506, 1.2039933026058112, 1.1951967556865848, 1.1911674142436768, 1.1996935333413847, 1.189860396847433, 1.1827294145311629, 1.178307299434807, 1.179269117968423], "val_lossers": [2.4336587619781493, 1.9823161172866821, 1.6792412996292114, 1.5810046911239624, 1.490467267036438, 1.49130859375, 1.438729863166809, 1.3888511729240418, 1.3873941707611084, 1.3553145027160645, 1.3427646517753602, 1.3296453595161437, 1.3416818404197692, 1.2905869960784913, 1.3325700497627258, 1.3026406121253968, 1.30542986869812, 1.3522024059295654, 1.2614235711097717, 1.2855012679100037, 1.2734264636039734, 1.2161263513565064, 1.2616074514389037, 1.2294042468070985, 1.2661608505249022, 1.2429139089584351, 1.2190832281112671, 1.2319711112976075, 1.203597869873047, 1.2206085300445557, 1.194519419670105, 1.2550694847106934], "cdr_rmsd": [[3.1019865608215333, 3.480952491760254, 4.308832693099975, 3.435136413574219, 2.350569067001343, 3.1174778652191164], [2.521841230392456, 2.3607345056533813, 3.7736055660247803, 2.831203680038452, 1.7882899618148804, 2.4981293964385984], [1.9766469860076905, 1.7812724637985229, 3.4052109241485597, 2.440119495391846, 1.3872902393341064, 1.822102313041687], [1.7749771928787232, 1.9166071510314941, 3.093003659248352, 2.2250946712493898, 1.282956976890564, 1.8617058134078979], [1.5766317772865295, 1.5751735496520995, 3.081342182159424, 2.030172281265259, 0.9429100346565247, 1.6203937673568725], [1.4593696975708008, 1.6418439149856567, 3.0691220569610596, 1.9817870235443116, 1.036615982055664, 1.7968861913681031], [1.4917320585250855, 1.5984030055999756, 3.0172589874267577, 1.9717696857452394, 0.9753228282928467, 1.5658782863616942], [1.3417380261421203, 1.3963038539886474, 3.0204619216918944, 1.7698670291900636, 0.7428112506866456, 1.375235538482666], [1.4377855682373046, 1.4317176675796508, 2.9629471111297607, 1.8515573453903198, 0.8377989935874939, 1.4122315430641175], [1.3235897064208983, 1.399720973968506, 2.938492383956909, 1.6978747177124023, 0.8293366289138794, 1.3824130725860595], [1.315611732006073, 1.3982677936553956, 2.8708004760742187, 1.7118723011016845, 0.8129395961761474, 1.4631802392005921], [1.2779099369049072, 1.3763564252853393, 2.889117746353149, 1.610583357810974, 0.9715608286857605, 1.3209267020225526], [1.3214244866371154, 1.3583406352996825, 2.878430333137512, 1.6783014392852784, 0.770800621509552, 1.3595583868026733], [1.2869888210296632, 1.3119375801086426, 2.809968128204346, 1.5899745869636535, 0.699412385225296, 1.265538158416748], [1.3177434372901917, 1.3307594299316405, 2.89486789226532, 1.614637658596039, 0.744937686920166, 1.5297550010681151], [1.204641010761261, 1.3027309417724608, 2.8736805057525636, 1.5322334146499634, 0.6749772012233735, 1.39069757938385], [1.278504490852356, 1.3136790490150452, 2.823284468650818, 1.5967984342575072, 0.8926147103309632, 1.389718599319458], [1.3213161134719849, 1.4670254182815552, 2.847015299797058, 1.7032173204421996, 1.0733923172950746, 1.431702537536621], [1.2763651394844056, 1.2552353978157043, 2.755737051963806, 1.5807939887046814, 0.7021228575706482, 1.2687851476669312], [1.3213468313217163, 1.3085833024978637, 2.75732141494751, 1.6410748052597046, 0.7952974009513855, 1.3227084732055665], [1.2519333171844482, 1.2694233345985413, 2.7545911121368407, 1.532753529548645, 0.8037535429000855, 1.291154646873474], [1.221757640838623, 1.193701786994934, 2.661169047355652, 1.4770813131332396, 0.6180020844936371, 1.2853085827827453], [1.259601173400879, 1.2833559346199035, 2.775051064491272, 1.5237921142578126, 0.7671230912208558, 1.2718962478637694], [1.2262295508384704, 1.203660514354706, 2.657942600250244, 1.4943807721138, 0.6826228058338165, 1.278935387134552], [1.3016504311561585, 1.2749438714981078, 2.7269563388824465, 1.6050954914093019, 0.6996476781368256, 1.2752101755142211], [1.282330982685089, 1.3122169542312623, 2.670018334388733, 1.5279445052146912, 0.7771185016632081, 1.2769064068794251], [1.1874029803276063, 1.2016619181632995, 2.675266761779785, 1.4239941120147706, 0.7030777311325074, 1.20654296875], [1.1816099333763121, 1.2773573112487793, 2.698856544494629, 1.4171630454063415, 0.7924354815483093, 1.3112400007247924], [1.217730782032013, 1.206010708808899, 2.611447281837463, 1.4768853569030762, 0.671796691417694, 1.2386451816558839], [1.2259929537773133, 1.1886951994895936, 2.6702734279632567, 1.48361403465271, 0.6284376752376556, 1.2278782749176025], [1.2019797587394714, 1.158528332710266, 2.569432120323181, 1.381090884208679, 0.7276871526241302, 1.2621119236946106], [1.270968234539032, 1.5060245323181152, 2.6332473802566527, 1.4998689794540405, 0.9124301266670227, 1.3097536182403564]]}