{"train_losses": [309.8488835086656, 1.7885525268403315, 1.6380709489766907, 1.5842495934655572, 1.553653390164406, 1.5292858467422834, 1.5125965506715982, 1.4972017039115675, 1.4860965374956183, 1.4797338782128517, 1.4713480963157872, 1.465822985747627, 1.4586204526268582, 1.4534659551067275, 1.4500889966782982, 1.4469964863839033, 1.4522815992280231, 1.440088437794783, 1.4353577603641983, 1.436041710905861, 1.437026828506046, 1.4361952172388492, 1.4305541666038646, 1.4312881565362265, 1.4312663030504524, 1.4291137936214011, 1.4320067454388987, 1.428320961047623, 1.425625629064881, 1.4273495640171354, 1.4205854804229874, 1.4180102164533568, 1.421883585808635, 1.4206481172560732, 1.4152960436093571, 1.4221338694221757, 1.41683696580327, 1.4133649119812535, 1.4143424421827102, 1.416871601695617, 1.4157386995800265, 1.416587199082008, 1.4100029027887244, 1.413381932011226, 1.4127809152895394, 1.4134863254154644, 1.4121783035121696], "val_lossers": [1.977263389825821, 1.6558868277072907, 1.5564837050437927, 1.5136709743738175, 1.5084707480669022, 1.525848250389099, 1.5122902971506118, 1.4476084107160567, 1.4285733979940414, 1.429718782901764, 1.410117999315262, 1.4173916268348694, 1.4206808549165726, 1.44043588578701, 1.397965568304062, 1.3856672549247742, 1.436206710934639, 1.4203169417381287, 1.393881126642227, 1.4371307986974715, 1.400725129842758, 1.3722890996932984, 1.3712135720252991, 1.3681784331798554, 1.4122794020175933, 1.3953729039430618, 1.4881065613031388, 1.4424305748939514, 1.4019475358724593, 1.3885947293043137, 1.355725103020668, 1.39743070602417, 1.4197184711694717, 1.3971615415811538, 1.3926994800567627, 1.3516913944482802, 1.3656366753578186, 1.3556501692533494, 1.3945451939105988, 1.3819432669878007, 1.3591080778837203, 1.345050807595253, 1.368708109855652, 1.364231117963791, 1.3481002885103226, 1.407655417919159, 1.3668788731098176], "cdr_rmsd": [[2.1307332515716553, 2.0550475120544434, 3.4514970779418945, 2.55519962310791, 1.5954513549804688, 2.245879888534546], [1.70953369140625, 1.5565905570983887, 3.1633496284484863, 2.0688581466674805, 1.016977310180664, 1.6853256225585938], [1.5200194120407104, 1.4750274419784546, 3.102166175842285, 1.882814884185791, 0.8712270855903625, 1.5580123662948608], [1.4085487127304077, 1.4004424810409546, 3.0376462936401367, 1.7935991287231445, 0.8531575202941895, 1.4508066177368164], [1.4220274686813354, 1.4168310165405273, 3.070570707321167, 1.6903570890426636, 0.9266818165779114, 1.5718742609024048], [1.3869494199752808, 1.5189259052276611, 3.118833065032959, 1.7608518600463867, 0.9292604327201843, 1.4996075630187988], [1.4098888635635376, 1.413787841796875, 3.0798087120056152, 1.7145658731460571, 0.8844822645187378, 1.5051716566085815], [1.3508296012878418, 1.3285701274871826, 2.9753007888793945, 1.6339232921600342, 0.721412718296051, 1.4283263683319092], [1.317559003829956, 1.3521984815597534, 3.0295090675354004, 1.5353901386260986, 0.6717851161956787, 1.3875656127929688], [1.3625307083129883, 1.2761772871017456, 2.975466728210449, 1.5544610023498535, 0.6910724639892578, 1.3966567516326904], [1.333311915397644, 1.262811303138733, 2.96916127204895, 1.5164190530776978, 0.6707723736763, 1.3880209922790527], [1.2693325281143188, 1.2843624353408813, 3.0516741275787354, 1.4823520183563232, 0.6424305438995361, 1.3504945039749146], [1.3166428804397583, 1.408033013343811, 2.9328112602233887, 1.5443698167800903, 0.717190146446228, 1.3909060955047607], [1.2765307426452637, 1.2863097190856934, 2.979290246963501, 1.603835105895996, 0.8387118577957153, 1.3333603143692017], [1.307051181793213, 1.2947900295257568, 2.9965360164642334, 1.5283713340759277, 0.7293420433998108, 1.3191055059432983], [1.2948437929153442, 1.2225931882858276, 2.9265565872192383, 1.4445054531097412, 0.6509141325950623, 1.303769826889038], [1.2485439777374268, 1.2997143268585205, 3.1246023178100586, 1.4655108451843262, 0.6686627268791199, 1.439663290977478], [1.3530783653259277, 1.2894097566604614, 3.0118308067321777, 1.5321513414382935, 0.7754668593406677, 1.3275507688522339], [1.280260443687439, 1.2348767518997192, 2.994886875152588, 1.464725136756897, 0.6751147508621216, 1.3414428234100342], [1.3199697732925415, 1.289239764213562, 3.035973310470581, 1.4950032234191895, 0.7936183214187622, 1.414971113204956], [1.2557895183563232, 1.3459450006484985, 2.9557743072509766, 1.4859732389450073, 0.8189607858657837, 1.3833258152008057], [1.2765591144561768, 1.2239365577697754, 2.9109103679656982, 1.4408929347991943, 0.6445426344871521, 1.3130273818969727], [1.244666337966919, 1.2884515523910522, 2.922591209411621, 1.4527453184127808, 0.6700952053070068, 1.2950448989868164], [1.243941307067871, 1.253921389579773, 2.9080917835235596, 1.4308630228042603, 0.642641544342041, 1.3265398740768433], [1.2724114656448364, 1.3028759956359863, 3.0570664405822754, 1.4884767532348633, 0.7285460829734802, 1.309456467628479], [1.2667156457901, 1.2816686630249023, 2.9623427391052246, 1.4357205629348755, 0.7566574215888977, 1.382991909980774], [1.5118918418884277, 1.3876572847366333, 3.0503573417663574, 1.6533104181289673, 0.8422694206237793, 1.4673957824707031], [1.2710814476013184, 1.2682805061340332, 3.164479970932007, 1.447831153869629, 0.60948646068573, 1.3553177118301392], [1.3081080913543701, 1.2744245529174805, 2.954930067062378, 1.5487605333328247, 0.6626104712486267, 1.3816663026809692], [1.236555814743042, 1.4577913284301758, 2.91172456741333, 1.405287742614746, 0.7413215637207031, 1.3538823127746582], [1.2361431121826172, 1.3013137578964233, 2.948604106903076, 1.3761402368545532, 0.694215714931488, 1.2549750804901123], [1.2600071430206299, 1.2358167171478271, 2.9430017471313477, 1.472449541091919, 0.6199028491973877, 1.35786771774292], [1.3623394966125488, 1.211459994316101, 2.9990334510803223, 1.524781346321106, 0.6453263759613037, 1.3189682960510254], [1.2878516912460327, 1.216009497642517, 2.958066940307617, 1.4971853494644165, 0.702141284942627, 1.2809988260269165], [1.2186529636383057, 1.1910465955734253, 3.0017921924591064, 1.3465962409973145, 0.6896730661392212, 1.2724828720092773], [1.1746259927749634, 1.2029082775115967, 2.9352169036865234, 1.3827645778656006, 0.6121160984039307, 1.2555756568908691], [1.2605276107788086, 1.3025933504104614, 2.909205675125122, 1.381213665008545, 0.7291532754898071, 1.2667027711868286], [1.2152352333068848, 1.2087770700454712, 2.923553466796875, 1.454384446144104, 0.6188026070594788, 1.2990068197250366], [1.2368050813674927, 1.239672303199768, 2.9754605293273926, 1.4184255599975586, 0.6683356761932373, 1.2903828620910645], [1.2543528079986572, 1.2787871360778809, 2.935298442840576, 1.4022973775863647, 0.7503784894943237, 1.3661963939666748], [1.2262909412384033, 1.203474521636963, 2.9170916080474854, 1.4076111316680908, 0.595974862575531, 1.2759428024291992], [1.2283343076705933, 1.1816402673721313, 2.888317346572876, 1.3677135705947876, 0.5967075228691101, 1.250707983970642], [1.2053471803665161, 1.2278274297714233, 2.9453611373901367, 1.4574804306030273, 0.611453652381897, 1.2705888748168945], [1.2196961641311646, 1.1819382905960083, 2.9597530364990234, 1.3741164207458496, 0.6196786761283875, 1.236717939376831], [1.1808780431747437, 1.2612215280532837, 2.8637542724609375, 1.3524953126907349, 0.6040979623794556, 1.2305397987365723], [1.2679452896118164, 1.248759388923645, 2.9120383262634277, 1.428636074066162, 0.6937272548675537, 1.289385199546814], [1.2427114248275757, 1.2531744241714478, 2.9087836742401123, 1.4897706508636475, 0.694027841091156, 1.2959411144256592]]}