{"train_losses": [0.6560341641998025, 1.0878662791704423, 1.4682347777615783, 1.8325150391857568, 2.188467898152091, 2.5131889975082013, 2.836279509295338, 3.1694108039030118, 3.471905277478673, 3.769491638704886, 4.082055449375195, 4.084875928144729, 4.092484788958792, 4.100903787893798, 4.0985099790489965, 4.09819015592392, 4.078638206828725, 4.093331535417649, 4.08812414892087, 4.08590877340875, 4.094824943256069, 4.079492416253559, 4.0898476804231665, 4.095471457116901, 4.086568412649167, 4.093118545407488, 4.096089982339535, 4.100275218155034, 4.093509425341751, 4.098801264985152, 4.093432935082625, 4.100264775841488, 4.089406678263022, 4.082273049207477, 4.09015392665518, 4.101173834339586, 4.0900978454024095, 4.10339877545723, 4.102063345140562, 4.096349709081517, 4.081755210882215, 4.089353529553246, 4.073651477445698, 4.099807151560438, 4.098528913033915, 4.084473403934424, 4.09182484577892, 4.08097156732998, 4.0839708798836245, 4.099818335061613, 4.091589514753593, 4.0922557584429935, 4.084642361759697, 4.092451208210611, 4.0837925018428205, 4.095511828813571, 4.089710910681891, 4.085369544563355, 4.098171730126653, 4.099906711388165, 4.102839385644845, 4.098813205902121, 4.082434588687319, 4.085982314703195, 4.093741614710201, 4.100135553026907, 4.096715136560748, 4.09215376347801, 4.089286994154467, 4.09617944307805, 4.078669191180886, 4.096122699566807, 4.094042358930345, 4.0843808689398315, 4.0993766329062895, 4.091156121364109, 4.086981173736045, 4.097044321070797, 4.0883066639829435, 4.083922523597397, 4.104299606302674, 4.093074929155755, 4.089994289685932, 4.101248114720567, 4.099030226413748, 4.087052777658367, 4.091022411420084, 4.096833580693641, 4.093128405691078, 4.095341457644951, 4.099701700714833, 4.080907003998978, 4.094256828468231, 4.09647984346565, 4.09358524875318, 4.096982482661785, 4.08396994423446, 4.092783883379872, 4.086603997589706, 4.096234489930362, 4.085102707119952], "val_lossers": [0.6112481042742729, 1.019406722486019, 1.3541982984542846, 1.621467319726944, 1.9195468550920487, 2.1596766972541808, 2.347851382493973, 2.5519375240802766, 2.760305931568146, 2.9738864815235138, 3.1499403154850008, 3.266484761238098, 3.1901504969596863, 3.202452701330185, 3.193280439376831, 3.279345281124115, 3.2081352829933167, 3.196096887588501, 3.3057856237888337, 3.144910686016083, 3.1429840660095216, 3.243418915271759, 3.1233722352981568, 3.2589375615119933, 3.185820935964584, 3.1301986455917357, 3.165034742355347, 3.2714729273319243, 3.2231519484519957, 3.3409506356716157, 3.2319625210762024, 3.1549110448360445, 3.2135852563381193, 3.1469989120960236, 3.1491917300224306, 3.1701815485954286, 3.244161059856415, 3.266788413524628, 3.230834242105484, 3.144073568582535, 3.2082873010635375, 3.2948109126091003, 3.2602675545215605, 3.2443099534511566, 3.1242751133441926, 3.1841922426223754, 3.1795171976089476, 3.1595156526565553, 3.1768389773368835, 3.2107252538204194, 3.2168811750411987, 3.202677369117737, 3.2363259756565093, 3.209903029203415, 3.182798538208008, 3.2108125138282775, 3.1922951114177702, 3.161924580335617, 3.2196833539009093, 3.1400674033164977, 3.2109874546527863, 3.220129209756851, 3.2321178483963013, 3.3408834087848662, 3.189230949878693, 3.223884562253952, 3.192180927991867, 3.299626452922821, 3.134506767988205, 3.1633137786388397, 3.172779349088669, 3.16408859372139, 3.1624095487594603, 3.227133021354675, 3.1961871814727782, 3.2190907394886015, 3.2048945367336272, 3.1352058625221253, 3.285566053390503, 3.194258522987366, 3.159102141857147, 3.1536914145946504, 3.1873132288455963, 3.178726110458374, 3.242757352590561, 3.2385766756534577, 3.2371280825138093, 3.2766497898101807, 3.1965101861953737, 3.2651039791107177, 3.230519016981125, 3.3249765729904173, 3.2708534264564513, 3.246682413816452, 3.2460521054267883, 3.242806212902069, 3.202770643234253, 3.167187134027481, 3.170504622459412, 3.2006407153606413, 3.1514524257183076], "cdr_rmsd": [[0.682290351241827, 0.6196830710768699, 1.3526183786988257, 0.7265871132910252, 0.36771320566535, 0.6932182148098945], [0.7563930341601371, 0.6736376157402992, 1.4426534444093704, 0.7913968643546104, 0.5110120613873005, 0.7232524156570435], [0.7769594749808312, 0.7413305640220642, 1.591644718647003, 0.8278832849860192, 0.44403900891542436, 0.77214714884758], [0.8004160943627358, 0.7273063385486602, 1.6371771043539047, 0.8833940276503562, 0.5668294471502304, 0.83954286724329], [0.8391452887654305, 0.8179707992076873, 1.7620129090547563, 0.9567383047938347, 0.5524175617098809, 0.9117638492584228], [0.8691566681861878, 0.8560682865977287, 1.8473200625181199, 1.0274498301744461, 0.590978399515152, 0.9416340345144272], [0.8941577336192131, 0.9222051346302033, 1.9493525964021683, 1.0635640627145768, 0.6098373067378998, 0.9856707417964935], [0.9114987885951996, 0.9413499397039413, 2.0866911190748216, 1.106869696378708, 0.5627350789308548, 1.0193504589796065], [0.948004849255085, 0.9638341498374939, 2.106876826286316, 1.1830824255943297, 0.6177728372812271, 1.016267898082733], [0.9888402807712555, 1.0173495626449585, 2.1764490389823914, 1.229921768307686, 0.6800597894191742, 1.0898428058624268], [0.980677434206009, 1.051650824546814, 2.219680890440941, 1.278310660123825, 0.694230180978775, 1.126279640197754], [0.9904701775312423, 1.1020725852251052, 2.2934533566236497, 1.2621308392286301, 0.8289904987812042, 1.1043335384130477], [0.9931352990865707, 1.0600956666469574, 2.2611174643039704, 1.2879069983959197, 0.8071789544820785, 1.146142873764038], [0.9859248167276382, 1.0217963540554047, 2.2207381498813628, 1.2512477374076842, 0.5194830968976021, 1.1500922960042954], [0.9929108840227127, 1.0648878419399261, 2.2338042145967485, 1.2565348410606385, 0.7044730225205421, 1.1208342152833939], [0.9794392907619476, 1.0582645666599273, 2.2563398873805998, 1.2974593210220338, 0.6355336228013039, 1.1056003785133361], [0.9781188493967057, 1.0837576222419738, 2.355581448674202, 1.2687348061800003, 0.7185203665494919, 1.0924475622177123], [0.9833153629302979, 1.0732726299762725, 2.270698971748352, 1.2760008037090302, 0.7316473144292831, 1.1261886382102966], [0.9666875988245011, 1.0822335994243621, 2.311574338674545, 1.2552024334669114, 0.6896732032299042, 1.14763769030571], [1.0109416311979293, 1.0696737122535707, 2.258520636558533, 1.2741000217199325, 0.7294022199511528, 1.1188916867971421], [0.990172827243805, 1.077932556271553, 2.2622069829702376, 1.2823456639051438, 0.6571115973591805, 1.1215186727046966], [0.983227733373642, 1.0427739071846007, 2.2125267601013183, 1.2412749767303466, 0.7696398639678955, 1.101317806839943], [0.9902843242883682, 1.0671632713079453, 2.2661235302686693, 1.2409835422039033, 0.7343740159273148, 1.1230295741558074], [1.0264852440357208, 1.0768093901872635, 2.2452919733524324, 1.277711545228958, 0.7066515609622002, 1.1487812739610672], [0.9784253293275833, 1.0586905133724214, 2.2671620190143584, 1.2596978002786636, 0.6677556610107422, 1.1108140438795089], [0.9984784632921219, 1.0598002219200133, 2.2026628494262694, 1.2491389173269272, 0.626556730568409, 1.0974450349807738], [0.9831528902053833, 1.0471441131830215, 2.2527178555727003, 1.2519896996021271, 0.652443200647831, 1.1132421827316283], [1.0268021959066391, 1.0473809337615967, 2.300190818309784, 1.3046096163988112, 0.6678252366185188, 1.1293850475549698], [1.0143332469463349, 1.0475494384765625, 2.2743328565359118, 1.2747871363162995, 0.7041390064358711, 1.1179994517564773], [1.0296896809339524, 1.0885523480176926, 2.2071360898017884, 1.2915667855739594, 0.5812500044703484, 1.1451487362384796], [1.0357343095541, 1.0725134932994842, 2.2366717326641083, 1.2639859879016877, 0.7675547409057617, 1.128202998638153], [0.9868671119213104, 1.0728341346979142, 2.22336010158062, 1.236640282869339, 0.711235629916191, 1.1088603615760804], [0.9921763664484025, 1.0947349929809571, 2.280028813481331, 1.264957515001297, 0.5840399181842804, 1.1367721956968309], [0.9875107997655869, 1.065925259590149, 2.294055788516998, 