{"train_losses": [10.235606269845272, 2.257523072893854, 1.7664651851928301, 1.581904063861755, 1.4826898515113873, 1.424802515911481, 1.3847272469625844, 1.357059722099322, 1.3385040422759826, 1.3235606035297125, 1.3076404134063861, 1.2974161502934565, 1.2820049885916134, 1.2805338731944451, 1.2743940259397362, 1.262939024391776, 1.2508714471102202, 1.2379761960820497, 1.240555010113955, 1.2334456725222283, 1.228414715442233, 1.224746204207691, 1.2170915017543786, 1.2146185232336755, 1.2038493833205695, 1.201129925217832, 1.1963404180388726, 1.1934952310153417, 1.1908904699978449, 1.1882292910276848, 1.1821679273319599, 1.1813176721057999, 1.178561120340687, 1.1788995678991023, 1.1716537572346724, 1.1715954252983511, 1.1721745746586893, 1.1646724035877023, 1.1640501505036964, 1.1577613537298284, 1.157286782266921, 1.1547161407616673, 1.1517533980627892, 1.1515456405442368, 1.1496135481876877, 1.1488828869719674, 1.1442091261522225, 1.1412716700880337, 1.1365624759104345, 1.1393867117354513, 1.1381460766071292, 1.138434478159517, 1.1373135304849091, 1.1356942812343696, 1.1346050471565055, 1.130087134015361, 1.130992786671987, 1.1277397534842837, 1.1279014592268028, 1.1266535354677953, 1.126143706751666, 1.1273504572476438, 1.1255419969226965, 1.1205035717345788, 1.1224966821068956, 1.1222414359975612, 1.1193797564019963, 1.119256647873898, 1.1129533717605753, 1.1208826171334467, 1.120002089438058, 1.1139526047600443, 1.1122936292902215, 1.1129309865671981, 1.1154100877234578, 1.1080609351009518, 1.1102998386619263, 1.1082859786852834, 1.108549829924925, 1.109497890125179, 1.1063935657157968, 1.1123530619219637, 1.1080119450039236, 1.1071031074798174, 1.1014043532851012, 1.1068749870683354, 1.0989646791637717, 1.100722280249746, 1.0998319310580202, 1.1063770964216435, 1.102184882356417, 1.1030608665522927, 1.0989452563433568, 1.100547851735453, 1.095229011740888, 1.097931442820296, 1.0980054330847921, 1.1028268084012953, 1.0978823097384707, 1.101726310206698, 1.0976652435004601, 1.0988165986670635, 1.0927032226755358, 1.0985833439070571, 1.0937069527293402, 1.0925772315606557, 1.091670051244725, 1.0915759593414243, 1.0901381883196575, 1.091225464954447, 1.096015719569017, 1.0899907372656912, 1.0916440577033721, 1.0889850021625052, 1.0901979488875295, 1.0889727124367221], "val_lossers": [4.944799175262451, 1.8682940769195557, 1.6662240028381348, 1.5631385374069213, 1.5380979537963868, 1.4882530689239502, 1.444480404853821, 1.4127246713638306, 1.3664161825180055, 1.3432039785385133, 1.3306610155105592, 1.3304420733451843, 1.3193582820892333, 1.3531090092658997, 1.3036510276794433, 1.2714967727661133, 1.2608730626106261, 1.2948828005790711, 1.2478655195236206, 1.2625937414169313, 1.252906129360199, 1.2218467998504638, 1.251798415184021, 1.2353664326667786, 1.2186891293525697, 1.204953405857086, 1.1826077890396118, 1.239901797771454, 1.242708203792572, 1.2147454166412353, 1.1809474730491638, 1.1992768239974976, 1.1772439098358154, 1.185533504486084, 1.1911140489578247, 1.2176766753196717, 1.1857072806358337, 1.200192756652832, 1.1736381006240846, 1.2119462561607361, 1.1940787601470948, 1.1666773271560669, 1.1964556646347047, 1.165598509311676, 1.1574016785621644, 1.1593024778366088, 1.1929799175262452, 1.1926642036437989, 1.1641360330581665, 1.170956587791443, 1.1757164239883422, 1.1683384132385255, 1.1775079154968262, 1.2192878413200379, 1.1396847796440124, 1.1960818123817445, 1.1378967761993408, 1.165415394306183, 1.1624468541145325, 1.1545635390281677, 1.1514874958992005, 1.1937196969985961, 1.1361583185195923, 1.1674219250679017, 1.1268368172645569, 1.1401179718971253, 1.1372792100906373, 1.119249382019043, 1.176550567150116, 1.1239509296417236, 1.1458196902275086, 1.1601153421401977, 1.1543723297119142, 1.1284787225723267, 1.1466534423828125, 1.1181198310852052, 1.1546603512763978, 1.1616207265853882, 1.17317284822464, 1.1386054015159608, 1.142767038345337, 1.1349889302253724, 1.1286776399612426, 1.1481254649162294, 1.1481329369544984, 1.1250571203231812, 1.132319722175598, 1.1815586185455322, 1.1232921004295349, 1.1306399655342103, 1.128115155696869, 1.1213790702819824, 1.1528122925758362, 1.1179056644439698, 1.1036241936683655, 1.1799097299575805, 1.121734173297882, 1.1255050897598267, 1.13926504611969, 1.150034008026123, 1.1783361196517945, 1.1451772594451903, 1.1519920682907105, 1.142510039806366, 1.121948823928833, 1.124010353088379, 1.1446639251708985, 1.1133762431144714, 1.1593459153175354, 1.1333846378326415, 1.1080601692199707, 1.1242999148368835, 1.1114391946792603, 1.2483252310752868, 1.1233617734909058, 1.1049448895454406],