{"train_losses": [17.298049604516745, 2.09717175414257, 1.8053040521043129, 1.682691335456933, 1.6108578945577476, 1.5521382196825377, 1.5138543323926448, 1.470432453507174, 1.4233403898678816, 1.404219515690777, 1.3801575512633917, 1.3640927229498225, 1.3560758732908953, 1.3234456522677074, 1.3185273129112867, 1.3084727470419182, 1.2938937847269267, 1.2797665140403225, 1.270711668955373, 1.2627772280258682, 1.253767876379565, 1.2524363972481638, 1.2441343191824508, 1.2370803378840325, 1.2340079308219656, 1.2367705440698173, 1.2165772428870865, 1.2137392089185555, 1.2133609679612247, 1.2019723284443589, 1.2014492320549952, 1.1961392170312453, 1.1905335197311606, 1.1914750511217205, 1.1941394842400843, 1.1833737543429868, 1.1755864135851886, 1.1793633322879424, 1.1785700936043195, 1.1672585210685165, 1.170462666670334, 1.162046142765675, 1.1634298061506203, 1.1631166673989375, 1.1562439826401798, 1.1554566918697782, 1.1557075366903102, 1.1594490070511105, 1.1611581502796768, 1.1525608546658659, 1.158585817285283, 1.1520379172959443, 1.1520679672153629, 1.1489564099648004, 1.145314261787234, 1.147820105413338, 1.149090292447131, 1.1434139081299415, 1.141586061864262, 1.1510181230162866, 1.14850558547894, 1.1399890512836224, 1.140437203844757, 1.1391760641657134, 1.1327630242191131, 1.1312352311080374, 1.1320179309937861, 1.1317783606848602, 1.1352440117130917, 1.1376837672793578, 1.1296860125600074, 1.1375766943912118, 1.127531253838141, 1.1290470673555788, 1.132434062867085, 1.1322597878983378, 1.1312981594029075, 1.1327372681563772, 1.129582097556905, 1.1196668558859426, 1.1263938918295067, 1.1274591024156404, 1.1217636564998767, 1.1186904334955623, 1.1248289875838222, 1.1321944807256972, 1.1174317322436422, 1.1243545648007756, 1.1189131782094712, 1.108871539691826, 1.1267698086480262, 1.1157011876853808, 1.118246810666263, 1.1122323662761413, 1.1148106759908247, 1.103202933725488, 1.110634959031567, 1.1119043557785437, 1.1090029290633652, 1.1122077880962882, 1.1093463750075763, 1.1143044246039275, 1.1165269070299746, 1.1073721876723868, 1.1082111865226767, 1.1091267567729242, 1.1086549845719382, 1.1035129396393482, 1.10766196118215, 1.1052616711339613, 1.1166984755165723, 1.105139937106665, 1.1012260892837964, 1.1252448324922728, 1.1050798401982975, 1.1057075427945338, 1.1027953446685494, 1.0998540590335797, 1.1025894899646957], "val_lossers": [2.5065410137176514, 1.8511865425109864, 1.6670914840698243, 1.6986094999313355, 1.6983998584747315, 1.6612406826019288, 1.4674689960479737, 1.4765054273605347, 1.422996063232422, 1.4087698912620545, 1.3832682323455812, 1.4211028051376342, 1.3888299798965453, 1.3556055879592896, 1.3992715787887573, 1.343790159225464, 1.3211727666854858, 1.3162397623062134, 1.317096860408783, 1.3484700393676758, 1.2525849342346191, 1.2901559972763061, 1.334799222946167, 1.2563649320602417, 1.2769906997680665, 1.2495660543441773, 1.2545166540145873, 1.2724580097198486, 1.218419771194458, 1.2570658445358276, 1.2867470645904542, 1.2825085258483886, 1.224906268119812, 1.230854868888855, 1.2192994594573974, 1.231971368789673, 1.2114056253433227, 1.211388669013977, 1.2033729004859923, 1.1936148309707642, 1.1982345175743103, 1.2053140997886658, 1.1945642232894897, 1.1801590967178344, 1.1629033589363098, 1.2004424953460693, 1.1831208992004394, 1.1535391497612, 1.185714638233185, 1.1688245463371276, 1.2207044100761413, 1.1562724637985229, 1.181476550102234, 1.1749137187004088, 1.314023063182831, 1.2620139026641846, 1.1657866001129151, 1.204219570159912, 1.18214271068573, 1.191787188053131, 1.1514218354225159, 1.2074208092689513, 1.1711676597595215, 1.1725252103805541, 1.15331205368042, 1.1736768293380737, 1.1444068479537963, 1.1560801315307616, 1.2328279304504395, 1.1426412224769593, 1.1394826340675355, 1.1929334783554078, 1.1528941488265991, 1.1461330699920653, 1.17893878698349, 1.2232460594177246, 1.1389110803604126, 1.1548997116088868, 1.1984561967849732, 1.1476867055892945, 1.1422717094421386, 1.1447376108169556, 1.1043561458587647, 1.1263083004951477, 1.114882836341858, 1.1610599112510682, 1.124415693283081, 1.1529395937919618, 1.1425673151016236, 1.123722460269928, 1.175631833076477, 1.122588756084442, 1.1791354990005494, 1.1402353644371033, 1.1192614841461181, 1.119585723876953, 1.1752328658103943, 1.1248025155067445, 1.1464321160316466, 1.125448501110077, 1.1778807520866394, 1.131365885734558, 1.118405556678772, 1.1174139142036439, 1.1827209353446961, 1.1838508033752442, 1.0945663022994996, 1.1579578876495362, 1.1334871983528136, 1.125374870300293, 1.115306077003479, 1.1062665367126465, 1.1265611124038697, 1.1017725300788879, 1.099532334804535, 1.1177429413795472, 1.1246224403381349, 1.1098459839820862, 1.1328886127471924],