{"train_losses": [470.7331178493125, 1.9798896788180889, 1.7169541668343948, 1.6214700112338267, 1.5810168490816252, 1.5564252557239664, 1.542158214561329, 1.520627116140978, 1.5120184398707746, 1.505410479377667, 1.495023129943572, 1.4921943710870311, 1.4799856938098874, 1.4738672249962732, 1.4722038204515269, 1.4673889433478577, 1.4612128663810784, 1.462781563811477, 1.4564025220700876, 1.4556254876239294, 1.4532427790206615, 1.447654058909285, 1.4480890673771412, 1.4467080327949084, 1.443274994286904, 1.4408927039578396, 1.4425775640342462, 1.4389947933074188, 1.4374296298317, 1.4367904502836917, 1.436798153638212, 1.4365379998693633, 1.4354431385311295, 1.451918740063613, 1.4956727645629497, 1.5726076113798129, 4.026924518526299, 1.4523950902531528, 1.5048353759786401, 1.583519393401138, 8.13791768785467, 1.445689399732709, 1.4780525016476442, 1.48839904107858, 1.4638118383015117, 1.474027092758765, 1.4840209461839569, 1.489368793780021, 1.5195738603573883, 1.5517096413160758, 1.5437170575188484, 1.542625874730426, 1.5165382780068681, 1.399487697167747, 1.3801800313251624, 1.3707521023692084, 1.3634172280296515, 1.355586216399508, 1.3501588585332789, 1.3458720282101877, 1.3409605859026317, 1.3351747116204624, 1.3306741562219564, 1.3253261448950582, 1.3206010508657158, 1.316223995848823, 1.3122091197870496, 1.3082111242544088, 1.3036482626523644, 1.3007221602069323, 1.2985379225419473, 1.2939553863984534, 1.2905110147172307, 1.2886654362457062, 1.2851752469007096, 1.2828313092852084, 1.2812845196368907, 1.277753022917441, 1.2755248136773816, 1.2733450997081246, 1.2711595565130587, 1.2684749940993085, 1.2665420750524827, 1.265124623816008, 1.2620606812487272, 1.2612178696951342, 1.2584892139070651, 1.2566978266957218, 1.2556094843675738, 1.2548878098079284, 1.2520390022719965, 1.250951031270654, 1.2504070489449965, 1.2487871773096828, 1.2468672003262575, 1.2465637040917372, 1.2451137766645146, 1.2433656173614842, 1.242165581087533, 1.240670591528575, 1.2405049493788303, 1.2390769739555691, 1.2386058928123467, 1.2369278674993842, 1.235424647776168, 1.234804414078925, 1.2335485254202787, 1.232070692887796, 1.230579480632287, 1.2310713543071683, 1.2317678279816204, 1.2351241149427448, 1.24265252074072, 1.2479116776527786, 1.2446121144214828, 1.2442873175531761, 1.2408208117292119, 1.2403979043812736, 1.2386361301330564, 1.2368056734041475, 1.2348019592294517], "val_lossers": [2.7223709988594056, 1.7580633234977723, 1.699920473098755, 1.5570254993438721, 1.5360294771194458, 1.4764679169654846, 1.490728845000267, 1.4581975215673446, 1.4603946548700333, 1.4833064293861389, 1.4538151502609253, 1.460658966898918, 1.4447053587436676, 1.4647616857290269, 1.4077105528116227, 1.4067349112033845, 1.4647223126888276, 1.408067798614502, 1.422232169508934, 1.4126911163330078, 1.4392029935121535, 1.4097976529598235, 1.3857104402780533, 1.39272902905941, 1.4126951259374618, 1.3861951178312302, 1.4248661929368973, 1.3989179223775863, 1.4259529542922973, 1.389042392373085, 1.3988536238670348, 1.420061742067337, 1.4508614999055862, 1.4309289503097533, 1.497323858141899, 1.5765894401073455, 16.402367141246796, 1.4826148211956025, 1.5045334082841872, 1.805159443616867, 4.347295291423798, 1.4210634887218476, 1.452229647040367, 1.4290539920330048, 1.4640618538856507, 1.4517775386571885, 1.4401157534122466, 1.4914443451166153, 1.5956150817871093, 1.4882766622304917, 1.5798477029800415, 1.5042029678821565, 1.5279810011386872, 1.3653649169206619, 1.3450205594301223, 1.344233543276787, 1.337665129303932, 1.3364132714271546, 1.3140783351659775, 1.3247038513422011, 1.3222041320800781, 1.3277946144342423, 1.2993384444713592, 1.2906931972503661, 1.2975743436813354, 1.2802848261594773, 1.274404609799385, 1.2732438868284226, 1.2806932175159453, 1.269923956990242, 1.2698687893152236, 1.2627644884586333, 1.264698376059532, 1.2658394956588745, 1.2608895599842072, 1.2488910096883774, 1.260848331451416, 1.2536635136604308, 1.2422960132360459, 1.254992594718933, 1.2434112292528152, 1.2406803673505784, 1.24067147731781, 1.236674554347992, 1.239602061510086, 1.2367349177598954, 1.2293914008140563, 1.2366116738319397, 1.2328618025779725, 1.2368401604890824, 1.2452633059024811, 1.2179936295747757, 1.229113560318947, 1.2278088295459748, 1.235901596546173, 1.2227661210298537, 1.2230841940641404, 1.2213884162902833, 1.221406688094139, 1.2118248283863067, 1.2181028074026108, 1.2170118874311446, 1.2078973132371902, 1.2098947298526763, 1.2055971056222916, 1.2217663127183913, 1.2153723883628844, 1.2058932507038116, 1.2200023490190506, 1.2061763608455658, 1.2028233760595322, 1.2076109874248504, 1.22752896130085, 1.2190816444158554, 1.231765593290329, 1.2170255666971206, 1.2056578004360199, 1.2247875076532364, 1.226912996172905, 1.2033519053459167, 1.2201034712791443],