{"train_losses": [10.235606269845272, 2.257523072893854, 1.7664651851928301, 1.581904063861755, 1.4826898515113873, 1.424802515911481, 1.3847272469625844, 1.357059722099322, 1.3385040422759826, 1.3235606035297125, 1.3076404134063861, 1.2974161502934565, 1.2820049885916134, 1.2805338731944451, 1.2743940259397362, 1.262939024391776, 1.2508714471102202, 1.2379761960820497, 1.240555010113955, 1.2334456725222283, 1.228414715442233, 1.224746204207691, 1.2170915017543786, 1.2146185232336755, 1.2038493833205695, 1.201129925217832, 1.1963404180388726, 1.1934952310153417, 1.1908904699978449, 1.1882292910276848], "val_lossers": [4.944799175262451, 1.8682940769195557, 1.6662240028381348, 1.5631385374069213, 1.5380979537963868, 1.4882530689239502, 1.444480404853821, 1.4127246713638306, 1.3664161825180055, 1.3432039785385133, 1.3306610155105592, 1.3304420733451843, 1.3193582820892333, 1.3531090092658997, 1.3036510276794433, 1.2714967727661133, 1.2608730626106261, 1.2948828005790711, 1.2478655195236206, 1.2625937414169313, 1.252906129360199, 1.2218467998504638, 1.251798415184021, 1.2353664326667786, 1.2186891293525697, 1.204953405857086, 1.1826077890396118, 1.239901797771454, 1.242708203792572, 1.2147454166412353], "cdr_rmsd": [[5.777609996795654, 8.634062194824219, 7.626078205108643, 4.600538148880005, 4.87440113067627, 6.489513988494873], [2.3681976413726806, 2.100485506057739, 3.6112490558624266, 2.792386951446533, 1.8001278972625732, 2.135960841178894], [1.8927922677993774, 1.8086653757095337, 3.3634795475006105, 2.3879597902297975, 1.4391927003860474, 1.9772002363204957], [1.676259536743164, 1.6476302099227906, 3.211230444908142, 2.1231909227371215, 1.2081149053573608, 1.7712883758544922], [1.6304108667373658, 1.556384048461914, 3.2278070068359375, 2.0686014699935913, 0.9462104415893555, 1.7245635414123535], [1.512993655204773, 1.6281653213500977, 3.1791726684570314, 1.8017410564422607, 1.04042062997818, 1.7927751398086549], [1.4682079005241393, 1.4588278675079345, 3.0414860343933103, 1.8640818691253662, 0.929370584487915, 1.573563938140869], [1.370104773044586, 1.4340750193595886, 3.0848255157470703, 1.7594337272644043, 0.8420554876327515, 1.5420569562911988], [1.352416889667511, 1.3653861665725708, 3.0254597806930543, 1.6087835454940795, 0.7668166899681091, 1.4211024165153503], [1.4456789779663086, 1.3531482982635499, 2.870624165534973, 1.6778384733200074, 0.7969401001930236, 1.44151314496994], [1.3240233278274536, 1.2828763771057128, 2.868367567062378, 1.6371912717819215, 0.7742128133773803, 1.4224415802955628], [1.3998546862602235, 1.3580972385406493, 2.897802195549011, 1.5882786083221436, 0.8154193568229675, 1.430420150756836], [1.3326368355751037, 1.3709578037261962, 2.8677109766006468, 1.5368872737884522, 0.8996207618713379, 1.416023120880127], [1.4508747792243957, 1.3311362886428832, 2.887600469589233, 1.7905371189117432, 0.8044349884986878, 1.4742383289337158], [1.2950327706336975, 1.305578727722168, 2.884243950843811, 1.5739313507080077, 0.7242168521881104, 1.3858138632774353], [1.2663030290603638, 1.249325261116028, 2.7939130067825317, 1.480773720741272, 0.7632124280929565, 1.3830806136131286], [1.2530558061599733, 1.307617325782776, 2.777745761871338, 1.485748929977417, 0.7018935513496399, 1.3092852234840393], [1.3160292506217957, 1.3096649527549744, 2.8026189041137695, 1.5871832180023193, 0.8681876850128174, 1.3480426478385925], [1.2469838523864747, 1.2147004508972168, 2.7383581686019896, 1.4940188074111937, 0.7462003254890441, 1.3065470957756042], [1.339346718788147, 1.3101756834983826, 2.7024583339691164, 1.6527542328834535, 0.7031966590881348, 1.3190798902511596], [1.221777846813202, 1.2643140387535095, 2.7439405298233033, 1.441947112083435, 0.7131488943099975, 1.4003121042251587], [1.1846816992759706, 1.2389455795288087, 2.6964601278305054, 1.4142871761322022, 0.6750906753540039, 1.2946267795562745], [1.2024566650390625, 1.3414589715003968, 2.7666066026687623, 1.3865176224708557, 0.7574584603309631, 1.350831515789032], [1.17594233751297, 1.1855617427825929, 2.7231232643127443, 1.419084153175354, 0.6966249215602874, 1.3170995450019836], [1.209996647834778, 1.1627846121788026, 2.68173095703125, 1.4163278198242188, 0.6501736152172088, 1.2905432724952697], [1.1614605689048767, 1.1960901308059693, 2.638741774559021, 1.4206847167015075, 0.646655136346817, 1.2950383877754212], [1.1835736846923828, 1.1754470205307006, 2.6071713829040526, 1.3266033697128297, 0.6445148134231568, 1.2374032592773438], [1.222108817100525, 1.2058570766448975, 2.673706502914429, 1.4295984268188477, 0.9106039237976075, 1.3631075072288512], [1.2476997661590576, 1.304986400604248, 2.7401639461517333, 1.486579270362854, 0.752465261220932, 1.3051371335983277], [1.2997587466239928, 1.2745059990882874, 2.6176658296585082, 1.4588755750656128, 0.6852402722835541, 1.3161827158927917]]}