{"train_losses": [21.085833377431186, 215.23392098467514, 37.26381823437112, 48.23329826807932, 47.056478391994126, 11.248720641923526, 1.9048907959173695, 1.724341546892014, 1.61535492191067, 1.550710840216373, 1.5142136656286986, 1.4938961048515476, 1.4654911559676416, 1.444826189629001, 1.4513304353534402, 1.4114165616278747, 1.3998257994430627, 1.395447150232177, 1.3846050014301223, 1.3587407361377368, 1.3580689791292782, 1.35957854521739, 1.3526576328918973, 1.3385861821762928, 1.3333090840664334, 1.33506043678312, 1.326677919374105, 1.3201749532696045, 1.3121018364389663, 1.3121149319885834, 1.3057159635485436, 1.3027704115922465, 1.2962220479252167, 1.2945820744493233, 1.2890392305789056, 1.2844685088283276, 1.2857126349199681, 1.2705208253329672, 1.2698486278141141, 1.2724613908934017, 1.266455431760795, 1.2668048491725674, 1.2624354349770661, 1.2568986906854915, 1.2533137002659198, 1.2490972245668437, 1.2581987482165582, 1.2462605119083277, 1.244749819690531, 1.239679887310251, 1.236773350464391, 1.240672412851967, 1.2334343636743654, 1.2336630463489575, 1.2373688128087428, 1.2298162290912833, 1.238583918018111, 1.230464603827924, 1.2235723873237512, 1.2272683771842043, 1.2281733670017936, 1.2337434889544803, 1.224784899620488, 1.2164254907332015, 1.223708635192634, 1.2244585765757234, 1.2164538649769572, 1.2148075622950503, 1.2145110319518866, 1.212726925100599, 1.211219096338594, 1.2094824102349537, 1.2113203357677071, 1.207963919097727, 1.20374865473312, 1.2091330472303896, 1.202157017251335, 1.2181989844743308, 1.1994708432558516, 1.2102278186792788, 1.2067303676883896, 1.1995816965602988, 1.1943697074569886, 1.201315053761116, 1.202973699359593, 1.1983763956514935, 1.1992797463413514, 1.1976967131604954, 1.1965708744769195, 1.196181951460458, 1.2061446675674814, 1.1981586771904869, 1.1986696081502097, 1.192380797553372, 1.202586910554341, 1.1923356320508558, 1.1887112670683462, 1.194759266440634, 1.1973398228854992, 1.1910188294850386, 1.2059854798723904, 1.196638975161126, 1.1869434819371891, 1.2011536457100693, 1.1894103942200513, 1.1954053859321438, 1.186615903213869, 1.1866173727061178, 1.1907545090385183, 1.1909141091557292, 1.1878944512643266, 1.1888087768391022, 1.1891933667416474, 1.1830976601544914, 1.1865770250614145, 1.184567181155058, 1.1823841485441948, 1.178818961131993, 1.1905564869821403], "val_lossers": [68.72069458007813, 300.48578491210935, 22.59136474609375, 59.09266372680664, 66.38687759399414, 2.0545225143432617, 1.860320725440979, 1.781547884941101, 1.5977980422973632, 1.5960316467285156, 1.5263025379180908, 1.5157766914367676, 1.4413662338256836, 1.6157370948791503, 1.4278581070899963, 1.5315772628784179, 1.461143126487732, 1.4067622566223144, 1.420169668197632, 1.4081351733207703, 1.4036303305625915, 1.4102187252044678, 1.4546047496795653, 1.4087159299850465, 1.3394951176643373, 1.3574689888954163, 1.3395428943634033, 1.382318663597107, 1.3391328859329223, 1.3583827304840088, 1.3380601406097412, 1.3028069233894348, 1.3155771827697753, 1.301503496170044, 1.3161097717285157, 1.3194561982154847, 1.3374699926376343, 1.2927775359153748, 1.2693684387207032, 1.311076135635376, 1.3604684901237487, 1.3415943145751954, 1.2864621663093567, 1.34011137008667, 1.367554841041565, 1.305525815486908, 1.3131131649017334, 1.2815749549865723, 1.2690545296669007, 1.2445472502708435, 1.2726055145263673, 1.274593961238861, 1.253387222290039, 1.306716103553772, 1.2525558948516846, 1.24874942779541, 1.2546021223068238, 1.2364373683929444, 1.3290684247016906, 1.2385622763633728, 1.2228933215141295, 1.2373445081710814, 1.2375824308395387, 1.2564130163192748, 1.3194369578361511, 1.246999855041504, 1.2744468784332275, 1.2180017399787904, 1.2367550778388976, 1.2293308925628663, 1.2373421692848205, 1.225739586353302, 1.2362196493148803, 1.2363908219337463, 1.2376741933822633, 1.2898565077781676, 1.2433166027069091, 1.2602181673049926, 1.3017463707923889, 1.220704004764557, 1.226523814201355, 1.2363350200653076, 1.2613372898101807, 1.2632795405387878, 1.211970112323761, 1.2275069212913514, 1.2234809613227844, 1.2259409618377686, 1.2679168128967284, 1.2545844316482544, 1.3138835072517394, 1.2178370022773743, 1.2227369379997253, 1.2139366364479065, 1.221575107574463, 1.2806112194061279, 1.2267231059074402, 1.2167920541763306, 1.2139207792282105, 1.2144249773025513, 1.281560208797455, 1.2747746467590333, 1.1926734399795533, 1.2009438014030456, 1.2180010104179382, 1.2524247765541077, 1.1996926641464234, 1.1989848804473877, 1.206416699886322, 1.235621395111084, 1.245693962574005, 1.1945542192459107, 1.2296327781677245, 1.1929004526138305, 1.2060381960868836, 1.2366984820365905, 1.2233116698265076, 1.2311170983314514, 1.189746413230896],