{"train_losses": [4.403136818439929, 2.16999227781685, 1.8907324051370427, 1.7736202272723027, 1.6952747394069891, 1.612031200821192, 1.5564514195653636, 1.517706764651141, 1.4811798243995942, 1.4636839045443208, 1.4295553334458198, 1.4095784816649053, 1.3937588590084953, 1.3776128831732473, 1.3726684182384683, 1.3503205422899498, 1.3422003258468933, 1.3381068572153187, 1.3177722623374777, 1.31242119038481, 1.3091582720598174, 1.3017044269751088, 1.2963322304838885, 1.2866583865737207, 1.280511536547337, 1.2815219825185518, 1.2741165292727483, 1.2710348588858553], "val_lossers": [2.5205760765075684, 1.8758462381362915, 1.7789919090270996, 1.7529251670837402, 1.7184533452987671, 1.6139012384414673, 1.565235023498535, 1.5052590560913086, 1.5735478115081787, 1.4794664144515992, 1.4424146270751954, 1.4744398546218873, 1.4714965295791627, 1.4023680734634398, 1.4064174127578735, 1.3801351928710937, 1.367848219871521, 1.415239577293396, 1.3436018252372741, 1.3288638639450072, 1.3457563066482543, 1.2983927726745605, 1.3593958568573, 1.3490453577041626, 1.3831038570404053, 1.3683451747894286, 1.3470688366889954, 1.2781885147094727], "cdr_rmsd": [[3.5311677932739256, 3.4891172885894775, 4.028486566543579, 4.035203561782837, 3.317229413986206, 2.9883557605743407], [2.5111705112457274, 2.247299761772156, 3.452440605163574, 2.9490182399749756, 1.907830572128296, 2.1735204219818116], [2.30338526725769, 2.062894039154053, 3.349259338378906, 2.785734872817993, 1.5923301696777343, 1.9810275363922119], [2.0596978282928466, 2.085950770378113, 3.316967878341675, 2.506084599494934, 1.5498797369003297, 2.0304316520690917], [1.879366340637207, 2.051170339584351, 3.445559787750244, 2.454032092094421, 1.4991407775878907, 2.0452993583679198], [1.8838344192504883, 1.8174313116073608, 3.2561123752593994, 2.326352639198303, 1.2668715906143189, 1.719726529121399], [1.6530169773101806, 1.6581999015808107, 3.276727385520935, 2.1828224945068357, 1.0269891500473023, 1.6600172376632691], [1.5436822080612183, 1.6380016231536865, 3.1249117946624754, 2.066364688873291, 1.124581425189972, 1.685786576271057], [1.8095093727111817, 1.6917984247207642, 3.114095344543457, 2.4267241764068603, 1.084340250492096, 1.6291655683517456], [1.4689309692382813, 1.5862945556640624, 3.097214603424072, 1.8985983562469482, 1.1847465968132018, 1.7362715339660644], [1.4116423034667969, 1.4661996865272522, 3.0394193172454833, 1.8905087232589721, 1.0819157338142396, 1.583982195854187], [1.4825435400009155, 1.5254477977752685, 3.068007106781006, 1.8923718881607057, 0.9606813859939575, 1.546551923751831], [1.6594405221939086, 1.7703717184066772, 2.9858309268951415, 1.9613842582702636, 1.262013623714447, 1.5627468061447143], [1.3507404470443725, 1.4021905207633971, 3.0524604511260987, 1.7564022636413574, 0.8587355494499207, 1.5014772891998291], [1.3899202299118043, 1.3610754919052124, 3.051547060012817, 1.7596881484985352, 0.8060824418067932, 1.4570906591415405], [1.4398145961761475, 1.472963831424713, 2.938276529312134, 1.751774787902832, 0.9885610175132752, 1.4471762704849243], [1.395710165500641, 1.419722924232483, 2.909675455093384, 1.7697520112991334, 0.8391426539421082, 1.5340470743179322], [1.5969941186904908, 1.532984004020691, 2.9630950355529784, 1.8794196796417237, 0.9906307792663575, 1.5245506477355957], [1.3014347529411316, 1.3317620968818664, 2.943062491416931, 1.6535963058471679, 0.7325954818725586, 1.431090271472931], [1.2978431367874146, 1.3121714830398559, 2.847809338569641, 1.7925647068023682, 0.8009949135780334, 1.3873442482948304], [1.3274360013008117, 1.3284233283996583, 2.8856277656555176, 1.7023447036743165, 0.8483307600021363, 1.3948819732666016], [1.2416257429122926, 1.3202357149124146, 2.8265027475357054, 1.6105437421798705, 0.830448591709137, 1.3631661033630371], [1.3555435490608216, 1.422979621887207, 2.878352565765381, 1.7323149728775025, 0.8323079204559326, 1.4481475782394408], [1.4035222816467285, 1.3329298210144043, 2.874217119216919, 1.6840876245498657, 0.8365916514396667, 1.4870730257034301], [1.2325338053703307, 1.2858365368843079, 3.1326625394821166, 1.5994997429847717, 0.7812107229232788, 1.4192710161209106], [1.4085531854629516, 1.579410309791565, 2.8723403215408325, 1.7208135986328126, 1.0329887628555299, 1.4370006585121156], [1.3278589129447937, 1.3414066886901856, 2.9602906322479248, 1.5809228038787841, 0.8481118249893188, 1.3736571478843689], [1.1939639282226562, 1.3104143023490906, 2.798810749053955, 1.5631786465644837, 0.833929226398468, 1.3853926396369933]]}