{"train_losses": [17.298049604516745, 2.09717175414257, 1.8053040521043129, 1.682691335456933, 1.6108578945577476, 1.5521382196825377, 1.5138543323926448, 1.470432453507174, 1.4233403898678816, 1.404219515690777, 1.3801575512633917, 1.3640927229498225, 1.3560758732908953, 1.3234456522677074, 1.3185273129112867, 1.3084727470419182, 1.2938937847269267, 1.2797665140403225, 1.270711668955373, 1.2627772280258682, 1.253767876379565, 1.2524363972481638, 1.2441343191824508, 1.2370803378840325, 1.2340079308219656, 1.2367705440698173, 1.2165772428870865, 1.2137392089185555, 1.2133609679612247, 1.2019723284443589, 1.2014492320549952, 1.1961392170312453], "val_lossers": [2.5065410137176514, 1.8511865425109864, 1.6670914840698243, 1.6986094999313355, 1.6983998584747315, 1.6612406826019288, 1.4674689960479737, 1.4765054273605347, 1.422996063232422, 1.4087698912620545, 1.3832682323455812, 1.4211028051376342, 1.3888299798965453, 1.3556055879592896, 1.3992715787887573, 1.343790159225464, 1.3211727666854858, 1.3162397623062134, 1.317096860408783, 1.3484700393676758, 1.2525849342346191, 1.2901559972763061, 1.334799222946167, 1.2563649320602417, 1.2769906997680665, 1.2495660543441773, 1.2545166540145873, 1.2724580097198486, 1.218419771194458, 1.2570658445358276, 1.2867470645904542, 1.2825085258483886], "cdr_rmsd": [[3.3557446098327635, 3.236840915679932, 4.46466103553772, 3.396859312057495, 3.459637498855591, 3.3021773719787597], [2.211180715560913, 2.3066010665893555, 3.4899947452545166, 2.7254763507843016, 1.9215360736846925, 2.243810033798218], [1.943002805709839, 1.9901067018508911, 3.259652328491211, 2.479724564552307, 1.4860268068313598, 2.063023748397827], [1.8539855909347533, 1.8383249425888062, 3.4874652862548827, 2.4816616678237917, 1.2718062829971313, 1.8680161905288697], [1.9543083238601684, 1.8996181344985963, 3.3062499237060545, 2.6473552227020263, 1.2560832929611205, 1.9386085748672486], [1.6189818000793457, 1.9605960988998412, 3.2981841564178467, 2.234547519683838, 1.1171919155120849, 2.086372766494751], [1.5180469870567321, 1.634976601600647, 3.046825819015503, 2.066726565361023, 0.9026530838012695, 1.5612542009353638], [1.528221139907837, 1.5961031579971314, 3.135268335342407, 1.9279582166671754, 1.078156418800354, 1.5589753293991089], [1.5213980436325074, 1.4885112380981445, 2.9768634939193728, 1.8814487981796264, 0.9210347294807434, 1.5321003818511962], [1.461367528438568, 1.4037555646896362, 2.9602684354782105, 1.922730507850647, 0.807572603225708, 1.618323049545288], [1.4344158029556275, 1.4117226600646973, 3.0023762559890748, 1.795415711402893, 0.7849487471580505, 1.426084599494934], [1.415186870098114, 1.575618076324463, 3.017773780822754, 1.850192847251892, 0.8264508247375488, 1.5200882458686829], [1.4981678915023804, 1.4016724729537964, 2.9193750476837157, 1.8715827131271363, 0.9752031874656677, 1.4549310684204102], [1.4267666721343994, 1.3434917688369752, 2.887095251083374, 1.7612305402755737, 0.871442801952362, 1.4219619703292847], [1.5468448400497437, 1.4247960615158082, 2.954832491874695, 1.7638504242897033, 0.806715829372406, 1.5985516786575318], [1.349116108417511, 1.3978981018066405, 2.864972515106201, 1.6899129843711853, 0.8204946804046631, 1.5014503407478332], [1.3087043929100037, 1.3228993034362793, 2.8307488203048705, 1.687128894329071, 0.7814149475097656, 1.4370871233940123], [1.2798023462295531, 1.302341423034668, 2.887401671409607, 1.5537501883506775, 0.7377087354660035, 1.370977864265442], [1.3369222927093505, 1.3899029183387757, 2.836483817100525, 1.5998844385147095, 0.8117580938339234, 1.3866524529457092], [1.4135255694389344, 1.2759482097625732, 2.893862690925598, 1.6601266956329346, 1.0019342088699341, 1.3871865844726563], [1.2191212272644043, 1.260179409980774, 2.7138275384902952, 1.552784252166748, 0.85257563829422, 1.3069854879379272], [1.2544562888145447, 1.3142848062515258, 2.72845272064209, 1.5791973209381103, 0.8879715251922607, 1.5146113657951354], [1.325574929714203, 1.345480284690857, 2.8924662113189696, 1.5931191992759706, 0.7219965124130249, 1.463103609085083], [1.2707044720649718, 1.2351985239982606, 2.743469099998474, 1.504742214679718, 0.7186721169948578, 1.3057814407348634], [1.3045861744880676, 1.23680038690567, 2.812169246673584, 1.5216003346443177, 0.7246368241310119, 1.3061997747421266], [1.2144007349014283, 1.231170256137848, 2.7428356075286864, 1.449744188785553, 0.7411025214195252, 1.3829786348342896], [1.3116318106651306, 1.3326949596405029, 2.657576723098755, 1.6779116249084474, 0.8317677807807923, 1.320012776851654], [1.2840487003326415, 1.3119031763076783, 2.697271490097046, 1.6664150714874268, 0.7446242070198059, 1.3044837498664856], [1.233839478492737, 1.177285430431366, 2.649499773979187, 1.3992905306816101, 0.7266429138183593, 1.303429491519928], [1.3096184182167052, 1.290314269065857, 2.6436310243606567, 1.6304058885574342, 0.7559266853332519, 1.316732075214386], [1.2938314723968505, 1.291176724433899, 2.737015361785889, 1.655342788696289, 0.854980297088623, 1.4529718613624574], [1.3139101481437683, 1.3397484064102172, 2.7525051116943358, 1.580797472000122, 1.0036711359024049, 1.4713683581352235]]}