{"train_losses": [3.478830941556173, 2.02456785411926, 1.6734346951023813, 1.5401011785822052, 1.4562682245336651, 1.3956323154235, 1.3487178383261393, 1.328660795106842, 1.3043905324913099, 1.2807718847356915, 1.269928642893522, 1.2465974195151808, 1.2323655219739704, 1.2239599393315292, 1.2137775616212325, 1.2020734035227287, 1.1920258464995754, 1.181041046706113, 1.1752532425109279, 1.1650298708363582, 1.1670043600232978, 1.1543808530392259, 1.1467126061471455, 1.1380495864238465, 1.1342966971785258, 1.130319825656106, 1.1212500166094475, 1.1257053368399588, 1.1202255588969545, 1.1133967331722023, 1.1120126072869916, 1.10461641247763, 1.1024136864967893, 1.0978721754402636, 1.0969581459697924, 1.0979977842723354, 1.085795064748189, 1.085314172820041, 1.0797731455433313, 1.0794075775945016, 1.0764223635481875, 1.0793345476451672, 1.0714331736975309, 1.0715379352774916, 1.0632988439792652, 1.0648049762944856, 1.0589620666640798, 1.0576968926562076, 1.0593019304092992, 1.0493414586240595, 1.048331908803237, 1.044436227476768], "val_lossers": [2.1519884777069094, 1.8366485023498536, 1.5557013607025147, 1.4564600563049317, 1.3946878290176392, 1.3568754720687866, 1.3189776277542113, 1.3663455986976623, 1.2954080295562744, 1.2427320456504822, 1.2699663138389587, 1.2202705478668212, 1.211407151222229, 1.173514473438263, 1.2154286789894104, 1.1452440214157105, 1.1585306382179261, 1.145190668106079, 1.1501034688949585, 1.1781876182556152, 1.1085643076896667, 1.15151202917099, 1.111053524017334, 1.1427142882347108, 1.146382575035095, 1.0856793427467346, 1.081696650981903, 1.1210655665397644, 1.2112736129760742, 1.0800623416900634, 1.0717957592010499, 1.0870156335830687, 1.0935845255851746, 1.0665249752998351, 1.089590938091278, 1.0657428479194642, 1.100686912536621, 1.0568264722824097, 1.0500862550735475, 1.0788633966445922, 1.133475465774536, 1.0627722287178039, 1.0754157900810242, 1.0715406250953674, 1.0527246379852295, 1.1027009534835814, 1.0949771618843078, 1.0427696323394775, 1.033659646511078, 1.036320400238037, 1.023017635345459, 1.0130958533287049], "cdr_rmsd": [[2.888062753677368, 2.781528034210205, 4.015855112075806, 3.226190595626831, 2.6201398468017576, 2.6040859508514402], [2.1514466619491577, 2.071412239074707, 3.7153955078125, 2.657439103126526, 1.7462698364257812, 2.4818767070770265], [1.7412594366073608, 1.6367225742340088, 3.302738809585571, 2.182412304878235, 1.215838861465454, 1.6987608003616332], [1.6576367807388306, 1.5588518285751343, 3.1968806076049803, 1.8440059614181519, 0.8745105743408204, 1.7046763563156129], [1.5253169679641723, 1.647983627319336, 3.0464583587646485, 1.8219336986541748, 0.757120418548584, 1.5256371665000916], [1.4195096254348756, 1.4626550245285035, 3.0349650382995605, 1.6847033834457397, 0.9238468098640442, 1.444247899055481], [1.369213683605194, 1.3794368886947632, 2.958323373794556, 1.6528485202789307, 0.8595451474189758, 1.3515297770500183], [1.3628588128089905, 1.4657772254943848, 3.0895161724090574, 1.5467213368415833, 0.8106868720054626, 1.5688753986358643], [1.3418160605430602, 1.281445527076721, 2.9183895778656006, 1.5131549644470215, 0.7107790541648865, 1.347261710166931], [1.174994134902954, 1.2725447082519532, 2.8688987588882444, 1.4109362387657165, 0.5949248266220093, 1.25894455909729], [1.2663956713676452, 1.2987609815597534, 2.847606930732727, 1.5141696691513062, 0.7325972485542297, 1.4245257210731506], [1.1766849422454835, 1.2424270224571228, 2.8111469745635986, 1.3632480216026306, 0.6639286553859711, 1.2837708902359009], [1.2177332973480224, 1.1761543917655946, 2.7801970529556272, 1.4019692206382752, 0.6783381175994873, 1.2250624227523803], [1.1535774874687195, 1.1300596284866333, 2.7231543827056885, 1.277041139602661, 0.560011659860611, 1.1886940503120422], [1.2143624472618102, 1.2587007451057435, 2.778257417678833, 1.3576418209075927, 0.6381097841262817, 1.225925123691559], [1.1265893912315368, 1.1589893651008607, 2.650392632484436, 1.2008833003044128, 0.613958113193512, 1.1945389580726624], [1.1484496545791627, 1.2066706562042235, 2.6510189962387085, 1.23417644739151, 0.6978425073623657, 1.18777028799057], [1.0986036944389344, 1.1263924479484557, 2.660946054458618, 1.213558452129364, 0.5985398161411285, 1.1628558206558228], [1.1085476660728455, 1.1211415147781372, 2.6447684717178346, 1.3449330711364746, 0.568131765127182, 1.209518439769745], [1.12119873046875, 1.2025837182998658, 2.728006191253662, 1.310731017589569, 0.7105046761035919, 1.2672183752059936], [1.0893606662750244, 1.0757289981842042, 2.5860453462600708, 1.1711930322647095, 0.5906458246707916, 1.1327817988395692], [1.0224252009391785, 1.1212781405448913, 2.71441219329834, 1.1872815537452697, 0.5518473911285401, 1.240865912437439], [1.1180400347709656, 1.0725611710548402, 2.5618293857574463, 1.2814631342887879, 0.5693757677078247, 1.1743002152442932], [1.1660639810562134, 1.143267068862915, 2.6093965768814087, 1.3479315996170045, 0.6835919046401977, 1.1628613257408142], [1.149178762435913, 1.0904342460632324, 2.657130255699158, 1.2340134048461915, 0.5356712746620178, 1.2314928770065308], [1.0523147320747375, 1.0939961051940919, 2.4945088148117067, 1.1480543398857117, 0.5598738265037536, 1.189543330669403], [1.0236682724952697, 1.0594477677345275, 2.512699508666992, 1.226942458152771, 0.5209810566902161, 1.1061879086494446], [1.1390850806236268, 1.165329692363739, 2.5399865245819093, 1.2465248775482178, 0.5699995648860932, 1.224581046104431], [1.195618224143982, 1.2256159210205078, 2.8409503364562987, 1.2525649452209473, 0.7365471529960632, 1.3516598963737487], [1.014400804042816, 1.0282685518264771, 2.506145873069763, 1.1470048379898072, 0.5406820106506348, 1.2034514451026916], [1.0491288256645204, 1.040670313835144, 2.528354845046997, 1.077374861240387, 0.560643515586853, 1.1008390736579896], [1.0441481399536132, 1.0328759813308717, 2.570886092185974, 1.143864827156067, 0.5535674905776977, 1.103407654762268], [1.0801758193969726, 1.0226018524169922, 2.572748985290527, 1.1666743993759154, 0.4970283544063568, 1.0781115746498109], [1.0432110548019409, 0.9845220160484314, 2.495846080780029, 1.1283684301376342, 0.5414876997470855, 1.0913709330558776], [1.0366605925559997, 1.05129371881485, 2.554783487319946, 1.1437982439994812, 0.515421257019043, 1.0705130171775818], [1.014984450340271, 0.988403594493866, 2.5094161081314086, 1.1135396242141724, 0.5253171396255493, 1.1731325507164], [1.0732090520858764, 1.0958539080619811, 2.620712790489197, 1.160888831615448, 0.5714808559417724, 1.0954303121566773], [1.054486541748047, 1.0549371838569641, 2.4574025106430053, 1.161077847480774, 0.5561059057712555, 1.1059713768959045], [1.006953728199005, 1.026285512447357, 2.4590867948532105, 1.070500931739807, 0.5052890574932098, 1.0914009642601012], [1.0838410019874574, 1.0263188767433167, 2.496607575416565, 1.2000321459770202, 0.5338895416259766, 1.0914825367927552], [1.0676886463165283, 1.0270814752578736, 2.6736546659469607, 1.314803614616394, 0.5390859508514404, 1.1306331419944764], [1.124507052898407, 1.139653627872467, 2.448654088973999, 1.1154926562309264, 0.5617666435241699, 1.0522361779212952], [1.0268577098846436, 1.0165347576141357, 2.550767307281494, 1.0692238306999207, 0.5244040060043335, 1.0516649794578552], [1.0340167737007142, 1.0678983998298646, 2.481625933647156, 1.121728506088257, 0.6278177237510681, 1.1714665293693542], [1.032991054058075, 1.064302225112915, 2.435256586074829, 1.1294368696212769, 0.5367882788181305, 1.063887233734131], [1.0273607444763184, 1.006595129966736, 2.6566368198394774, 1.0785376691818238, 0.5288094091415405, 1.1161136102676392], [1.0781622695922852, 1.078429777622223, 2.5489247703552245, 1.1971896266937256, 0.5495969605445862, 1.1400015139579773], [1.1861302304267882, 1.0313607144355774, 2.3703645277023315, 1.126634850502014, 0.5824077081680298, 1.0812214803695679], [1.057116105556488, 1.0259947299957275, 2.4086069822311402, 1.0602852320671081, 0.4925992810726166, 1.0356134033203126], 