{"train_losses": [0.7115706342802917, 1.2005163948284894, 1.6305865091245781, 2.033051584696947, 2.417455302900419, 2.7890670056522224, 3.140631760095621, 3.495262200043905, 3.8539367237980158, 4.187781560315935, 4.514371570469276, 4.501033768859555, 4.517751342152178, 4.503232832631729, 4.529700193422845, 4.51898020207329, 4.5017044057098525, 4.516251732831983, 4.523458596726738, 4.50867968510166, 4.520976509062612, 4.519391934924754, 4.517089799820603, 4.5171669801223695, 4.507524881408254, 4.5360274957371995, 4.513290306218037, 4.529883216893739, 4.524855358564124, 4.5180204982328505, 4.512020207734188, 4.515703461442232, 4.512541068313515, 4.52053751479938, 4.525393712332607, 4.535125891911298, 4.509155358531701, 4.504051931603278, 4.501772991303832, 4.504119344567102, 4.509966047857378, 4.524556207690035, 4.509914416273803, 4.505200597124109, 4.515844738632717, 4.521487927475533, 4.5154679208606865, 4.5095107438723545, 4.512381019751526, 4.517216579121207, 4.508284289092654, 4.528561310279347, 4.520233600115289, 4.523120020089433, 4.502560436670325, 4.51392312660288, 4.511396342670762, 4.509768372564015, 4.505931027938572, 4.5229520330236666, 4.520784426376859, 4.518666558617342, 4.523911341610114, 4.5138727311521825, 4.5302196198137885, 4.5137315375906635, 4.523622468445651, 4.503598144246829, 4.525532257191989, 4.5104353284681, 4.513216737222362, 4.519835389252054, 4.5036670639419825, 4.51586257515679, 4.518726136141452, 4.511671870698071, 4.513944025716445, 4.534681490240601, 4.521934681456253, 4.5056905027942005, 4.512668931666686, 4.509613474661654, 4.513515565247173, 4.502371287384591, 4.528221669245739, 4.50943515904538, 4.518480847408245, 4.510568796316635, 4.513313520596067, 4.526982475410808, 4.51564163243284, 4.5253925271511966, 4.520463357995746, 4.504979932601244, 4.503409242779293, 4.5071608502148255, 4.518331577914986, 4.5204308424456, 4.507206247445604, 4.50566835181722, 4.518618860166237], "val_lossers": [0.6919184273481369, 1.118963404893875, 1.4672747361660003, 1.7809003651142121, 2.140586722493172, 2.3853734588623046, 2.6187283742427825, 2.8584415209293366, 3.1064953899383543, 3.308759709596634, 3.5669453620910643, 3.5413899350166322, 3.6604782223701475, 3.568012307882309, 3.6101334035396575, 3.547893478870392, 3.4954306435585023, 3.546140755414963, 3.5644899046421052, 3.6686599612236024, 3.561291984319687, 3.5643875753879546, 3.553508378267288, 3.590888496637344, 3.5685411608219146, 3.4630079710483552, 3.567936602830887, 3.6055375790596007, 3.6170241951942446, 3.5912141728401186, 3.513138612508774, 3.5380530989170076, 3.5711098289489747, 3.568102524280548, 3.5969764947891236, 3.674375693798065, 3.4854983639717103, 3.584579118490219, 3.4873847007751464, 3.5007933044433592, 3.5036909019947053, 3.581817282438278, 3.515144319534302, 3.500376536846161, 3.533027832508087, 3.5102555179595947, 3.5359516417980195, 3.577230237722397, 3.5196198558807374, 3.504274699687958, 3.5405271208286284, 3.524145195484161, 3.5199133133888245, 3.5512316060066222, 3.5806573939323427, 3.5242669451236726, 3.500776331424713, 3.4899663090705872, 3.612124537229538, 3.521956958770752, 3.5920167458057404, 3.5697167539596557, 3.515840004682541, 3.6640060997009276, 3.4990238893032073, 3.6059664392471316, 3.618177649974823, 3.6507861948013307, 3.5269662046432497, 3.5565903079509735, 3.5740494608879088, 3.5686456429958344, 3.525334997177124, 3.5380212759971617, 3.578856225013733, 3.687737674713135, 3.5491267704963683, 3.554834666252136, 3.4965247797966, 3.5784630393981933, 3.5331789934635163, 3.5322044575214386, 3.492997398376465, 3.60530880689621, 3.553332796096802, 3.5526710975170137, 3.614691309928894, 3.5819032692909243, 3.529499760866165, 3.600940959453583, 3.550875964164734, 3.671437108516693, 3.5007467889785766, 3.5240920996665954, 3.510501195192337, 3.4957401299476625, 3.5455024576187135, 3.548096054792404, 3.5864102602005006, 3.5300635433197023, 3.549621468782425], "cdr_rmsd": [[0.7550692087411881, 0.7131299129128457, 1.5159469458460808, 0.8129822719097137, 0.46623970359563827, 0.7376272630691528], [0.7633760803937912, 0.7285056629776955, 1.6222214555740357, 0.8271565118432045, 0.4709581333398819, 0.821976605951786], [0.8045827475190163, 0.8034800752997399, 1.6848755878210069, 0.9352445513010025, 0.5419315758347512, 0.868455408513546], [0.8305573117733002, 0.8514274692535401, 1.8236833965778352, 0.9748829331994057, 0.57769007563591, 0.9174625864624977], [0.8871514710783959, 0.9646870899200439, 1.9072384357452392, 1.109365038871765, 0.7340795993804932, 1.0009312158823014], [0.9190431138873101, 1.0083437675237656, 2.0702186971902847, 1.1673974746465683, 0.6855945333838462, 1.0386129128932953], [0.9810532402992248, 1.062279025912285, 2.143874124288559, 1.229784859418869, 0.815426512658596, 1.0852794486284256], [1.0216289412975312, 1.1218525183200836, 2.271684148311615, 1.3085787045955657, 0.7537693637609482, 1.1603238981962205], [1.0021310120820999, 1.179220985174179, 2.322035150527954, 1.3294878137111663, 0.8463505426049233, 1.1705729514360428], [1.0786055713891982, 1.2557974660396576, 2.4422740995883943, 1.395811066031456, 0.8934032693505287, 1.2227374732494354], [1.0964637792110443, 1.2815149050951005, 2.5383541202545166, 1.434529696702957, 0.9925611889362336, 1.2343983948230743], [1.098101971745491, 1.281286165714264, 2.5420979821681975, 1.4451233017444611, 1.0757264471054078, 1.261972343325615], [1.101452387571335, 1.24991355240345, 2.481707569360733, 1.457682381272316, 0.9971471846103668, 1.2337976121902465], [1.1329191648960113, 1.2685566121339797, 2.502898271083832, 1.4731008487939834, 0.9720744097232819, 1.2573226296901703], [1.0951218563318252, 1.2512028819322587, 2.504849419593811, 1.4465241378545761, 0.9483481413125991, 1.255277895927429], [1.0930287790298463, 1.2530224609375, 2.55842143535614, 1.458255078792572, 0.9645245271921158, 1.2174144303798675], [1.0881916618347167, 1.2854427844285965, 2.503969645500183, 1.4339308589696884, 0.982207972407341, 1.2497495269775392], [1.108238111138344, 1.2617471617460252, 2.5112873017787933, 1.4435661351680755, 0.9909898167848588, 1.2648182141780853], [1.0986373436450958, 1.271787097454071, 2.502166837453842, 1.4805984139442443, 0.9580205172300339, 1.2705478137731552], [1.0984128546714782, 1.2550326836109162, 2.540005303621292, 1.456667886376381, 0.9813942289352418, 1.2437042117118835], [1.1178591829538345, 1.2826845651865006, 2.476886638402939, 1.4742110824584962, 0.9591535192728042, 1.2237866878509522], [1.102617593407631, 1.2367688256502152, 2.5220745003223417, 1.454533087015152, 0.9253285109996796, 1.2400879347324372], [1.0877080219984054, 1.2421640682220458, 2.5597345674037935, 1.4554905182123183, 0.9562935298681259, 1.2498017835617066], [1.07884437084198, 1.283375608921051, 2.542121481895447, 1.4721952575445174, 0.9993082255125045, 1.2388988578319549], [1.1206353455781937, 1.2849638706445694, 2.497543834447861, 1.4771143454313278, 0.9508866006135941, 1.249752663373947], [1.085340416431427, 1.2597010749578477, 2.475889344215393, 1.461637283563614, 0.916994035243988, 1.227839629650116], [1.0991942971944808, 1.2647055274248122, 2.543582420349121, 1.4436517089605332, 0.9328136295080185, 1.2411153560876846], [1.1082680302858352, 1.2690045243501664, 2.579106184244156, 1.4339151287078857, 0.9850602194666862, 1.2520148485898972], [1.106986785531044, 1.260579398870468, 2.5000248765945434, 1.469244064092636, 0.9310489404201507, 1.2319263005256653], [1.098946573138237, 1.2381350946426393, 2.560190726518631, 1.4267065739631652, 0.9497629857063293, 1.2264773494005203], [1.117314225435257, 1.2688288563489913, 2.51981756567955, 1.479652401804924, 0.9859375250339508, 1.2132445734739303], [1.1073199063539505, 1.2542437183856965, 2.520395087003708, 1.4634157288074494, 1.0715087676048278, 1.2181340128183364], [1.094226992726326, 1.2516429060697556, 2.5149194741249086, 1.4536928683519363, 0.9916977879405021, 1.2568375259637832], [1.0946959060430528, 1.2876985138654709, 2.5727454590797425, 1.449080845117569, 