{"train_losses": [3.478830941556173, 2.02456785411926, 1.6734346951023813, 1.5401011785822052, 1.4562682245336651, 1.3956323154235, 1.3487178383261393, 1.328660795106842, 1.3043905324913099, 1.2807718847356915, 1.269928642893522, 1.2465974195151808, 1.2323655219739704, 1.2239599393315292, 1.2137775616212325, 1.2020734035227287, 1.1920258464995754, 1.181041046706113, 1.1752532425109279, 1.1650298708363582, 1.1670043600232978, 1.1543808530392259, 1.1467126061471455, 1.1380495864238465, 1.1342966971785258, 1.130319825656106, 1.1212500166094475, 1.1257053368399588], "val_lossers": [2.1519884777069094, 1.8366485023498536, 1.5557013607025147, 1.4564600563049317, 1.3946878290176392, 1.3568754720687866, 1.3189776277542113, 1.3663455986976623, 1.2954080295562744, 1.2427320456504822, 1.2699663138389587, 1.2202705478668212, 1.211407151222229, 1.173514473438263, 1.2154286789894104, 1.1452440214157105, 1.1585306382179261, 1.145190668106079, 1.1501034688949585, 1.1781876182556152, 1.1085643076896667, 1.15151202917099, 1.111053524017334, 1.1427142882347108, 1.146382575035095, 1.0856793427467346, 1.081696650981903, 1.1210655665397644], "cdr_rmsd": [[2.888062753677368, 2.781528034210205, 4.015855112075806, 3.226190595626831, 2.6201398468017576, 2.6040859508514402], [2.1514466619491577, 2.071412239074707, 3.7153955078125, 2.657439103126526, 1.7462698364257812, 2.4818767070770265], [1.7412594366073608, 1.6367225742340088, 3.302738809585571, 2.182412304878235, 1.215838861465454, 1.6987608003616332], [1.6576367807388306, 1.5588518285751343, 3.1968806076049803, 1.8440059614181519, 0.8745105743408204, 1.7046763563156129], [1.5253169679641723, 1.647983627319336, 3.0464583587646485, 1.8219336986541748, 0.757120418548584, 1.5256371665000916], [1.4195096254348756, 1.4626550245285035, 3.0349650382995605, 1.6847033834457397, 0.9238468098640442, 1.444247899055481], [1.369213683605194, 1.3794368886947632, 2.958323373794556, 1.6528485202789307, 0.8595451474189758, 1.3515297770500183], [1.3628588128089905, 1.4657772254943848, 3.0895161724090574, 1.5467213368415833, 0.8106868720054626, 1.5688753986358643], [1.3418160605430602, 1.281445527076721, 2.9183895778656006, 1.5131549644470215, 0.7107790541648865, 1.347261710166931], [1.174994134902954, 1.2725447082519532, 2.8688987588882444, 1.4109362387657165, 0.5949248266220093, 1.25894455909729], [1.2663956713676452, 1.2987609815597534, 2.847606930732727, 1.5141696691513062, 0.7325972485542297, 1.4245257210731506], [1.1766849422454835, 1.2424270224571228, 2.8111469745635986, 1.3632480216026306, 0.6639286553859711, 1.2837708902359009], [1.2177332973480224, 1.1761543917655946, 2.7801970529556272, 1.4019692206382752, 0.6783381175994873, 1.2250624227523803], [1.1535774874687195, 1.1300596284866333, 2.7231543827056885, 1.277041139602661, 0.560011659860611, 1.1886940503120422], [1.2143624472618102, 1.2587007451057435, 2.778257417678833, 1.3576418209075927, 0.6381097841262817, 1.225925123691559], [1.1265893912315368, 1.1589893651008607, 2.650392632484436, 1.2008833003044128, 0.613958113193512, 1.1945389580726624], [1.1484496545791627, 1.2066706562042235, 2.6510189962387085, 1.23417644739151, 0.6978425073623657, 1.18777028799057], [1.0986036944389344, 1.1263924479484557, 2.660946054458618, 1.213558452129364, 0.5985398161411285, 1.1628558206558228], [1.1085476660728455, 1.1211415147781372, 2.6447684717178346, 1.3449330711364746, 0.568131765127182, 1.209518439769745], [1.12119873046875, 1.2025837182998658, 2.728006191253662, 1.310731017589569, 0.7105046761035919, 1.2672183752059936], [1.0893606662750244, 1.0757289981842042, 2.5860453462600708, 1.1711930322647095, 0.5906458246707916, 1.1327817988395692], [1.0224252009391785, 1.1212781405448913, 2.71441219329834, 1.1872815537452697, 0.5518473911285401, 1.240865912437439], [1.1180400347709656, 1.0725611710548402, 2.5618293857574463, 1.2814631342887879, 0.5693757677078247, 1.1743002152442932], [1.1660639810562134, 1.143267068862915, 2.6093965768814087, 1.3479315996170045, 0.6835919046401977, 1.1628613257408142], [1.149178762435913, 1.0904342460632324, 2.657130255699158, 1.2340134048461915, 0.5356712746620178, 1.2314928770065308], [1.0523147320747375, 1.0939961051940919, 2.4945088148117067, 1.1480543398857117, 0.5598738265037536, 1.189543330669403], [1.0236682724952697, 1.0594477677345275, 2.512699508666992, 1.226942458152771, 0.5209810566902161, 1.1061879086494446], [1.1390850806236268, 1.165329692363739, 2.5399865245819093, 1.2465248775482178, 0.5699995648860932, 1.224581046104431]]}