{"train_losses": [174.75823094558282, 2.328267315571634, 1.7732939072450953, 1.659380864620437, 1.6121715004289439, 1.5804304771512383, 1.553695255599297, 1.535227037015531, 1.5212363903106387, 1.5120413802244859, 1.5024371543711443, 1.4952132495105452, 1.4899397495976183, 1.4904326366156746, 1.4817095214109943, 1.4791085960792532, 1.4730503983922287, 1.47144932976059, 1.4674203741456264, 1.4642354630242418, 1.4592855114499603, 1.460154120791378, 1.4575027834578567, 1.4597317719961829, 1.4737332162886736, 1.4530607615614268, 1.4529177683062435, 1.4544185909723761, 1.4511694389294858, 1.4478296564759494, 1.4477248089376864, 1.4429513401810508, 1.4432857395331484, 1.441143085219114, 1.4418102601712075, 1.4353787161985996, 1.4362328121300831, 1.4352944849894211, 1.4324216426546161, 1.434871270549848, 1.4333081129837584, 1.4306743178665566, 1.429566008025218, 1.4293327472385162, 1.4303540776641797, 1.4276327600826166, 1.4285950587501872, 1.4304350094130829, 1.4269643654970567, 1.4281251242721882, 1.425622523929732, 1.4314908047369688, 1.4262508737261796, 1.4257739334834771, 1.4258540471347292, 1.4265355252894254, 1.427162210550895, 1.4229749776628104, 1.4251593711103925, 1.4248451703839649, 1.423109164784792, 1.4228170317184534, 1.4203430689605538, 1.4185248059692181, 1.4223378647135752, 1.4253254093163774, 1.4196536031270501, 1.4199972040264521, 1.419207719330129, 1.4217984796512175, 1.4206667700994235, 1.4202767580583502, 1.4179418881401251, 1.4201660748300924, 1.4199065147389172, 1.4196074305466553, 1.4207459161062974, 1.4168094563689675, 1.4184177797434858, 1.419158951842902, 1.4166754877592977, 1.4172234971870896, 1.4166865274327949, 1.4177283037071282, 1.4202020161597673, 1.4190115666800434, 1.418498979591998, 1.4165681678768776, 1.419433162861359, 1.4156374919063486, 1.4183332393236185, 1.4199885382645434, 1.415687166805441, 1.4147076048376117, 1.4147322718138782, 1.4135543304908667, 1.417033539752741, 1.4162693585766142, 1.4141970087616016, 1.411953500177919, 1.4124702023124192], "val_lossers": [2.3448710775375368, 1.7967067408561705, 1.6563907706737517, 1.5713376575708389, 1.5704240334033965, 1.4930128008127213, 1.4804078507423402, 1.4550707238912581, 1.4593006563186646, 1.439765403866768, 1.47540247797966, 1.4437485539913177, 1.4814521223306656, 1.4798051291704177, 1.446781538128853, 1.4706325405836105, 1.4274255114793777, 1.4767253178358077, 1.4141354769468308, 1.4405349051952363, 1.4172859036922454, 1.404476796388626, 1.415945556163788, 1.6649581849575044, 1.38955806016922, 1.4216403675079345, 1.420304181575775, 1.405258108973503, 1.4055883657932282, 1.453208703994751, 1.4050370597839354, 1.3988254350423812, 1.3797228556871415, 1.4006389111280442, 1.3915213966369628, 1.407047101855278, 1.4305034810304642, 1.4335636347532272, 1.4029859548807144, 1.3720077794790269, 1.3966055101156234, 1.3711706238985062, 1.3937125426530839, 1.4077005100250244, 1.4088390576839447, 1.3826651722192764, 1.3856750530004502, 1.390877062678337, 1.4107244634628295, 1.3915168130397797, 1.3869531697034836, 1.3728114616870881, 1.369729609489441, 1.3881985008716584, 1.4504184502363204, 1.4421011686325074, 1.3765851956605912, 1.3759362477064132, 1.3933018606901169, 1.3715786159038543, 1.3739659154415131, 1.3539312779903412, 1.353886286020279, 1.3867083704471588, 1.409296394586563, 1.3638178932666778, 1.4036425864696502, 1.3612558043003082, 1.3984036415815353, 1.3642497974634171, 1.380694304704666, 1.3744152975082398, 1.4242480242252349, 1.3750120830535888, 1.3876839178800582, 1.3858712881803512, 1.3662228268384933, 1.3969228887557983, 1.3673623383045197, 1.3615750002861022, 1.3980991953611375, 1.3482711631059647, 1.3839854365587234, 1.3956078034639359, 1.4379814863204956, 1.4003231972455978, 1.361229829788208, 1.396810041666031, 1.3751744687557221, 1.3836199593544007, 1.407677845954895, 1.3976515501737594, 1.3471866071224212, 1.3945698434114455, 1.3767941749095918, 1.357770961523056, 1.3808220303058625, 1.3450356739759446, 1.3835588270425796, 1.3618546026945113, 1.3663118237257004],