{"train_losses": [0.6699787302664957, 1.1150206471473698, 1.511924984724933, 1.8839613763625855, 2.247513596210387, 2.5969360737416873, 2.9367116266699136, 3.271972654867703, 3.599756806204182, 3.915255048749398, 4.254143850093428, 4.243611443435327, 4.239842362909237, 4.230883177031171, 4.25517598228574, 4.252692027221363, 4.237022182771137, 4.248896510957123, 4.24216404775631, 4.24157913709284, 4.238900400352611, 4.245945476479345, 4.244076449237419, 4.249600868084657, 4.233853705794116, 4.233311976373527, 4.24648848969441, 4.2422190321288, 4.245896053059866, 4.245755103335531, 4.24302126085714, 4.245632785426, 4.254971717555138, 4.236864692343188, 4.240995276560367, 4.229841272524646, 4.239287006279976, 4.248556113088286, 4.255899024004175, 4.235040622319273, 4.249618963347074, 4.229135508965252, 4.257142136678625, 4.244242224987451, 4.258147224258624, 4.242101228220564, 4.235370351343739, 4.237051762875467, 4.242591963821749, 4.240005948879723, 4.251850798366685, 4.257283696272378, 4.23352824668495, 4.232082544374997, 4.237885603767601, 4.247127300898971, 4.243490537569784, 4.2371703762291535, 4.250297892817982, 4.248782235831851, 4.2545281987298615, 4.232180976994847, 4.243699192973147, 4.2562031614592435, 4.242487116155244, 4.251909345554288, 4.245124817170991, 4.246812101501923, 4.248172036349663, 4.255108811168591, 4.247011473454217, 4.243506369348581, 4.254629736983931, 4.259673852922744, 4.234029734344783, 4.238288843786561, 4.245341832429889, 4.249418707139417, 4.241949960451179, 4.2385493770711715, 4.243260456038318, 4.248332521468678, 4.244972038136343, 4.2468987693923745, 4.257313063254162, 4.231742171498088, 4.2536890417724464, 4.254612178025086, 4.2452646841421195, 4.2510221756179165, 4.252038368820481, 4.253756483101005, 4.240148062498096, 4.23469334088805, 4.258678794515376, 4.239484446527564, 4.243788904902665, 4.2498289656053005, 4.247843692718499, 4.237997849791523, 4.25664653663622], "val_lossers": [0.6267684487998486, 1.0237971714138985, 1.3613238883018495, 1.6587907350063325, 1.894985488653183, 2.175838323831558, 2.4833302414417266, 2.626434850692749, 2.9411560928821565, 3.26246053814888, 3.3506159031391145, 3.293154157400131, 3.27184845328331, 3.3097574162483214, 3.3617124795913695, 3.29610170006752, 3.293076901435852, 3.2838689994812014, 3.3789907932281493, 3.3063409757614135, 3.2891553246974947, 3.336842564344406, 3.4595113134384157, 3.300653349161148, 3.386259220838547, 3.3109192848205566, 3.3756931912899018, 3.3851354730129244, 3.301408574581146, 3.494909632205963, 3.3117967760562896, 3.311826722621918, 3.3805435729026794, 3.298094334602356, 3.362157689332962, 3.326970160007477, 3.3560068607330322, 3.4705517828464507, 3.3745982325077057, 3.274031944274902, 3.3856881785392763, 3.4249729561805724, 3.421594146490097, 3.4374733209609984, 3.463882406949997, 3.3187485432624815, 3.326622838973999, 3.3085564506053924, 3.288532974720001, 3.307737659215927, 3.346729520559311, 3.5038935363292696, 3.2996994030475615, 3.3279982101917267, 3.2452093183994295, 3.2528717958927156, 3.3195658826828005, 3.33000101685524, 3.575973011255264, 3.3181882882118225, 3.3334648668766023, 3.4088165664672854, 3.4231365609169004, 3.3318236792087554, 3.366563596725464, 3.3687084662914275, 3.2983660101890564, 3.363088159561157, 3.3449111008644103, 3.2622811615467073, 3.3372357642650603, 3.248937577009201, 3.2616933357715605, 3.3703659868240354, 3.382066185474396, 3.368662118911743, 3.393768694400787, 3.3259471893310546, 3.2862005054950716, 3.329071308374405, 3.3467418146133423, 3.2967044818401336, 3.3840222358703613, 3.3412092399597166, 3.3300642347335816, 3.324474456310272, 3.3966444683074952, 3.3329444777965547, 3.3238014042377473, 3.391120011806488, 3.3595755803585052, 3.34613521695137, 3.435282595157623, 3.3742325496673584, 3.3569508135318755, 3.405366567373276, 3.3351295948028565, 3.373551528453827, 3.26282968044281, 3.2422923183441164, 3.3065221452713014], "cdr_rmsd": [[0.6907909569144249, 0.6748277297616005, 1.3837897598743438, 0.7609497717022896, 0.40029676094651223, 0.6961813367903232], [0.7202552938461304, 0.6683831280469894, 1.4405908980965614, 0.7925365281105041, 0.4263982257246971, 0.7241591176390648], [0.7711034834384918, 0.764753733575344, 1.5490892893075943, 0.8496578162908555, 0.4863592267036438, 0.797219164967537], [0.8155147129297257, 0.8146674197912216, 1.6395708644390106, 0.9194932758808136, 0.5539812418818474, 0.8523987558484077], [0.8610016906261444, 0.8785469913482666, 1.7752819234132766, 1.0011666476726533, 0.5315589804947376, 0.9236114716529846], [0.8909616020321846, 0.9294127994775772, 1.8665958893299104, 1.0552314180135727, 0.6137971615791321, 0.9944624507427215], [0.9297926780581475, 0.9945716899633408, 1.9501507979631425, 1.1564002972841263, 0.6326903042197227, 1.005452864766121], [0.9797564905881881, 1.0687248080968856, 2.040785665512085, 1.1781922900676727, 0.6294548907876014, 1.0626244205236435], [0.9885256725549698, 1.076652563214302, 2.081348667740822, 1.3163294744491578, 0.8023506915569305, 1.1424672877788544], [1.0656871169805526, 1.1877115589380265, 2.1949183416366576, 1.3262235069274901, 0.6507847610116005, 1.1930624675750732], [1.0544583374261856, 1.1367516607046126, 2.2911924934387207, 1.351149011850357, 0.8806649923324585, 1.2012932288646698], [1.0271301579475403, 1.1165545916557311, 2.2528206461668017, 1.3154581665992737, 0.8250966846942902, 1.1882139027118683], [1.0297337126731874, 1.1561037141084671, 2.2476776134967804, 1.3686334085464478, 0.7897494664788246, 1.1855516892671585], [1.033083666563034, 1.1632266682386398, 2.2612783658504485, 1.3930079656839371, 0.8406186640262604, 1.208760794401169], [1.0393607801198959, 1.1606442886590957, 2.264067442417145, 1.4047895950078964, 0.876563908457756, 1.230550193786621], [1.0249581384658812, 1.1679384976625442, 2.2232213163375856, 1.3491775411367417, 0.7890660828351974, 1.1843984466791153], [1.0237186884880065, 1.134389631152153, 2.211809450984001, 1.356076419353485, 0.8426889735460281, 1.1796395790576935], [1.0106341975927353, 1.1278083163499832, 2.228469231724739, 1.3276705330610274, 0.8372941344976426, 1.1855403476953505], [1.083962487578392, 1.1861563217639923, 2.236540337204933, 1.3720902973413467, 0.7468003976345062, 1.1830008214712142], [1.0485922855138778, 1.151111004948616, 2.25281662940979, 1.3723386543989182, 0.7926090955734253, 1.2009931695461273], [1.0445806664228439, 1.1655804049968719, 2.2433517926931383, 1.3522836774587632, 0.8224884533882141, 1.193048288822174], [1.0614039611816406, 1.1543253064155579, 2.242338322401047, 1.3873196947574615, 0.796485322713852, 1.1993470430374145], [1.0453878009319306, 1.136432831287384, 2.2669834953546526, 1.3818361991643906, 0.7501622179150581, 1.2082944399118423], [1.0548990446329116, 1.1611382973194122, 2.2469064164161683, 1.3768972283601761, 0.7889798527956009, 1.205145274400711], [1.0352912682294846, 1.1256038665771484, 2.3027748358249664, 1.3925335097312928, 0.8300668805837631, 1.2356063050031663], [1.0386855244636535, 1.1698930871486664, 2.2792074263095854, 1.360059859752655, 0.6722950991988182, 1.2072945201396943], [1.0406989413499832, 1.145685104727745, 2.2242068493366243, 1.3968176871538163, 0.8021173924207687, 1.1893039858341217], [1.011283113360405, 1.125255047082901, 2.197911049723625, 1.37527962744236, 0.8097549974918365, 1.2128804409503937], [1.0335427463054656, 1.1466074061393738, 2.260577139854431, 1.3519696354866029, 0.8924243676662446, 1.233901127576828], [1.0869390672445298, 1.1593524420261383, 2.283903214931488, 1.3687844866514205, 0.7076118364930153, 1.2198704552650452], [1.02069795191288, 1.1313218992948533, 2.22920607984066, 1.3587961888313294, 0.7712274187803269, 1.1947705852985382], [1.025947231054306, 1.1494013583660125, 2.1989063942432403, 1.362417448759079, 0.828428435921669, 1.1751144164800644], [1.077774394750595, 1.1589685440063477, 2.216114100813866, 1.3982459330558776, 0.7387717321515084, 1.154939438700676], [1.0482287806272508, 1.1737636619806289, 2.2595170545578003, 