{"train_losses": [4.403136818439929, 2.16999227781685, 1.8907324051370427, 1.7736202272723027, 1.6952747394069891, 1.612031200821192, 1.5564514195653636, 1.517706764651141, 1.4811798243995942, 1.4636839045443208, 1.4295553334458198, 1.4095784816649053, 1.3937588590084953, 1.3776128831732473, 1.3726684182384683, 1.3503205422899498, 1.3422003258468933, 1.3381068572153187, 1.3177722623374777, 1.31242119038481, 1.3091582720598174, 1.3017044269751088, 1.2963322304838885, 1.2866583865737207, 1.280511536547337, 1.2815219825185518, 1.2741165292727483, 1.2710348588858553, 1.2600362880331688, 1.2620755888535495, 1.2508508754904504, 1.2460399665947526, 1.25031343893129, 1.2438764567720204, 1.2357213755927856, 1.2318424045044327, 1.2324600787574151, 1.2286875437053546, 1.2301725405156059, 1.231063696802879, 1.2246720038893493, 1.2147932316907484, 1.2165055430333558, 1.2174717061815987, 1.2137438545421677, 1.2079174156976322, 1.2135746255655235, 1.20593889624378, 1.2079278708388943, 1.2033055894118294, 1.2016708651809833, 1.1968604713844235, 1.1948263414052067, 1.1955778304632607, 1.1910198191543677, 1.1907190901671358, 1.1905917518656417, 1.1832989057273724, 1.1834773489296546, 1.1837274407300966, 1.1824860734820144, 1.1817739296269107, 1.1803585026060717, 1.170733866808808, 1.1723979844233101, 1.1764959592876718, 1.1728330633857034, 1.1709653471971486, 1.1741931931649598, 1.1674114353470988, 1.1680323234957977, 1.161447141685822, 1.17089070216623, 1.166629891061606, 1.1685961779614769, 1.1687082814705836, 1.1642904039990702, 1.1589820659779884, 1.157170202161474, 1.1541005267393611, 1.1617718905155203, 1.162180202624351, 1.1592918022886498, 1.1566538077006756, 1.153483331092877, 1.1524673527269063, 1.171184244038665, 1.15782877719911, 1.1556893895641107, 1.153132280580188, 1.1496293436950125, 1.1479240535362754, 1.1491067678233908, 1.1444087543823724, 1.144906706624217, 1.1520329049213034, 1.143150822738106, 1.1456533578640897, 1.145821350072001, 1.1482972729958054, 1.1400116185531546, 1.1462677062553024, 1.14273461323501, 1.141659797454367, 1.1378125756813113, 1.1428787555676887, 1.1440365411244429, 1.145707708121673, 1.1415396728077714, 1.1381264236619166, 1.1398568121312058, 1.1352575515882424, 1.1385210505885406, 1.1399586580569314], "val_lossers": [2.5205760765075684, 1.8758462381362915, 1.7789919090270996, 1.7529251670837402, 1.7184533452987671, 1.6139012384414673, 1.565235023498535, 1.5052590560913086, 1.5735478115081787, 1.4794664144515992, 1.4424146270751954, 1.4744398546218873, 1.4714965295791627, 1.4023680734634398, 1.4064174127578735, 1.3801351928710937, 1.367848219871521, 1.415239577293396, 1.3436018252372741, 1.3288638639450072, 1.3457563066482543, 1.2983927726745605, 1.3593958568573, 1.3490453577041626, 1.3831038570404053, 1.3683451747894286, 1.3470688366889954, 1.2781885147094727, 1.2974104070663453, 1.2837139248847962, 1.2737787342071534, 1.2910429096221925, 1.2520321989059449, 1.2825068616867066, 1.2620971941947936, 1.2892624831199646, 1.2954274606704712, 1.2881720113754271, 1.2606316447257995, 1.2782579135894776, 1.2423765921592713, 1.2266955494880676, 1.2554999804496765, 1.2772518634796142, 1.2517200922966003, 1.2570298361778258, 1.273950002193451, 1.2342566108703614, 1.229010319709778, 1.2680623722076416, 1.2526809668540955, 1.2207336497306824, 1.2582201409339904, 1.227584457397461, 1.2097938132286072, 1.2458807492256165, 1.195955674648285, 1.2309823346138, 1.238797686100006, 1.3180262112617493, 1.2014429235458375, 1.200896463394165, 1.2141911554336549, 1.2418447709083558, 1.216846582889557, 1.1704235124588012, 1.190742437839508, 1.1876755714416505, 1.2259200739860534, 1.2042547726631165, 1.2047171664237977, 1.2391192889213563, 1.2084446096420287, 1.2857071733474732, 1.1935594940185548, 1.1788785123825074, 1.2512976408004761, 1.1847086215019227, 1.2512325263023376, 1.1677803230285644, 1.2399147415161134, 1.1737471437454223, 1.226116509437561, 1.1778572344779967, 1.2059341406822204, 1.1719077658653259, 1.2505819940567016, 1.1723086047172546, 1.2034275603294373, 1.2321922016143798, 1.1565828490257264, 1.1526263070106506, 1.1580844044685363, 1.1979214525222779, 1.1962588047981262, 1.1579690480232239, 1.1643256950378418, 1.18075368642807, 1.184204134941101, 1.2130678296089172, 1.1447446513175965, 1.1923180317878723, 1.1728189134597777, 1.1946006417274475, 1.2263550019264222, 1.1692867398262023, 1.2215117359161376, 1.1975937700271606, 1.171757369041443, 1.1777512288093568, 1.1767463731765746, 1.1677441596984863, 1.1628307461738587, 1.1745214653015137],