{"train_losses": [4.011574402368577, 2.1761685177435015, 1.742798603753212, 1.594194266537346, 1.4999900611742971, 1.4479017828855532, 1.3932862070584342, 1.3675608403828678, 1.3576794662590592, 1.3335264175300916, 1.3101354649425216, 1.2961573726281606, 1.2811034448403373, 1.2741207842592406, 1.2618528709009096, 1.252724741794625, 1.2489531656143174, 1.2442755636677891, 1.2337659941312333, 1.2284912341490306, 1.2321651817363357, 1.213692198934272, 1.214550762760396, 1.2055373913392506, 1.2039933026058112, 1.1951967556865848, 1.1911674142436768, 1.1996935333413847, 1.189860396847433, 1.1827294145311629, 1.178307299434807, 1.179269117968423, 1.178081931176566, 1.1734363348784826, 1.1726915729620904, 1.1663691879203457, 1.1744391131931864, 1.1609542984688215, 1.1638101635151759, 1.1591662327743417, 1.1572263606293525, 1.1540866253106183, 1.1574660138760957, 1.1489711461903214, 1.171929790104475, 1.147315702046888, 1.1498345981502356, 1.139715388334306, 1.1516350000709683, 1.1470692267223281, 1.1469245715574785, 1.1452444582790524, 1.1370945414718316, 1.1302886169009836, 1.1268176460199764, 1.132002767362046, 1.1347152101418525, 1.1268330416011456, 1.1467076163455596, 1.1313407119771324, 1.1239431615441982, 1.131189951151333, 1.1264297586203948, 1.1256349150347134, 1.1208423758150252, 1.119668026746757, 1.1189516989552244, 1.1208896230567584, 1.1224097153914883, 1.1146450864914839, 1.1159306189014209, 1.1165221885869587, 1.1160636720055772, 1.1087079912368796, 1.1133190062802445, 1.1171204322233714, 1.1111645439228455, 1.1102846380399198, 1.115900302032814, 1.1121691093816386, 1.1209448675498892, 1.1145879710870683, 1.1066041411849254, 1.1071069261580981, 1.1077199535710471, 1.1090870343687804, 1.1039337631943937, 1.106175319162061, 1.1050903406788997, 1.1068206633508537, 1.1062510498490095, 1.1105375365113948, 1.1053838967060556, 1.1036216925712155, 1.109504056220152, 1.1066322122080208, 1.0964403862966456, 1.10239445206628, 1.09763120620724, 1.0981297257437557, 1.0986729109994997, 1.1068274666847235, 1.1042586007675568, 1.099223082107604, 1.1019490856075995, 1.0983332707952702, 1.0936700278177776, 1.0986288189888, 1.0980976810592447, 1.1035377227861938, 1.094983327200771, 1.0894488045368655, 1.09892626120562, 1.0941071372085245, 1.099892145074586, 1.094517604705354, 1.0919915351443035, 1.0887135127922156, 1.096181711040313], "val_lossers": [2.4336587619781493, 1.9823161172866821, 1.6792412996292114, 1.5810046911239624, 1.490467267036438, 1.49130859375, 1.438729863166809, 1.3888511729240418, 1.3873941707611084, 1.3553145027160645, 1.3427646517753602, 1.3296453595161437, 1.3416818404197692, 1.2905869960784913, 1.3325700497627258, 1.3026406121253968, 1.30542986869812, 1.3522024059295654, 1.2614235711097717, 1.2855012679100037, 1.2734264636039734, 1.2161263513565064, 1.2616074514389037, 1.2294042468070985, 1.2661608505249022, 1.2429139089584351, 1.2190832281112671, 1.2319711112976075, 1.203597869873047, 1.2206085300445557, 1.194519419670105, 1.2550694847106934, 1.2385260629653931, 1.3869465947151185, 1.196196608543396, 1.1689711999893189, 1.1968456149101256, 1.1986832165718078, 1.1689578080177307, 1.184232633113861, 1.175235435962677, 1.209398775100708, 1.152686927318573, 1.2222581601142883, 1.1712359261512757, 1.172094361782074, 1.1534303164482116, 1.1686182355880737, 1.159065968990326, 1.201621289253235, 1.2051876831054686, 1.215514280796051, 1.1700666975975036, 1.173176348209381, 1.1482597517967223, 1.1387999510765077, 1.1992523956298828, 1.1252251029014588, 1.161971480846405, 1.1573101115226745, 1.1650818634033202, 1.2136138463020325, 1.1769080805778502, 1.1661473774909974, 1.1492944550514221, 1.115378291606903, 1.1532040190696717, 1.1581680417060851, 1.1650995922088623, 1.1594057297706604, 1.1638367295265197, 1.1432304000854492, 1.1142337608337403, 1.1517880606651305, 1.112365984916687, 1.1305936932563783, 1.1283808279037475, 1.1044666790962219, 1.1489475393295288, 1.1489632177352904, 1.2180224895477294, 1.159117968082428, 1.1594080305099488, 1.1604528331756592, 1.1474795055389404, 1.1348551034927368, 1.114254117012024, 1.1360138630867005, 1.139213864803314, 1.1008937668800354, 1.1341404724121094, 1.1210172247886658, 1.154996201992035, 1.1235494899749756, 1.179252760410309, 1.113597981929779, 1.200754415988922, 1.1375645303726196, 1.1080172657966614, 1.129860861301422, 2.0564802837371827, 1.176594727039337, 1.1349656105041503, 1.1074504160881042, 1.173337905406952, 1.0994341969490051, 1.0911165285110473, 1.0984077334403992, 1.3525063848495484, 1.128422441482544, 1.1441408491134644, 1.1462329292297364, 1.2216756010055543, 1.2073801112174989, 1.0980033731460572, 1.132461609840393, 1.1772766780853272, 1.1186938238143922, 1.1530928015708923],