{"train_losses": [309.8488835086656, 1.7885525268403315, 1.6380709489766907, 1.5842495934655572, 1.553653390164406, 1.5292858467422834, 1.5125965506715982, 1.4972017039115675, 1.4860965374956183, 1.4797338782128517, 1.4713480963157872, 1.465822985747627, 1.4586204526268582, 1.4534659551067275, 1.4500889966782982, 1.4469964863839033, 1.4522815992280231, 1.440088437794783, 1.4353577603641983, 1.436041710905861, 1.437026828506046, 1.4361952172388492, 1.4305541666038646, 1.4312881565362265, 1.4312663030504524, 1.4291137936214011, 1.4320067454388987, 1.428320961047623, 1.425625629064881, 1.4273495640171354, 1.4205854804229874, 1.4180102164533568, 1.421883585808635, 1.4206481172560732, 1.4152960436093571, 1.4221338694221757, 1.41683696580327, 1.4133649119812535, 1.4143424421827102, 1.416871601695617, 1.4157386995800265, 1.416587199082008, 1.4100029027887244, 1.413381932011226, 1.4127809152895394, 1.4134863254154644, 1.4121783035121696, 1.4098226117808081, 1.4126667288293215, 1.4120897854490373, 1.411181602362157, 1.4123109048537899, 1.4123506023035057, 1.4171983603943699, 1.4134927196510676, 1.408970956129408, 1.4165861955064605, 1.407342572288705, 1.4061933716062098, 1.408581566705012, 1.405248850391389, 1.4064158014284243, 1.4056210860214022, 1.4146960792514105, 1.4201157696229407, 1.4127208665994357, 1.4135621405972059, 1.4109386129330184, 1.4163501742412976, 1.4138685002947984, 1.411607379929883, 1.4235281044711385, 1.4315175484435136, 1.4246752997006358, 1.4131737947178595, 1.4142911886095801, 1.4116922748097398, 1.4154944781741088, 1.411303890858765, 1.4126610980953986, 1.4091326399000175, 1.4076632487166005, 1.4062878488923534, 1.4034861166111328, 1.4042848280408264, 1.4025780645916843, 1.4022641818518269, 1.3991997752972758, 1.4000455384651724, 1.3994294869463095, 1.3977403199527147, 1.4004894396834662, 1.3952718815622016, 1.3968908558029978, 1.3957569355139299, 1.396229338283484, 1.3950572477763767, 1.3943376769025217, 1.3939690167378203, 1.3951312257594575, 1.3957024528873518, 1.3946015384455803, 1.4020407364389558, 1.3936147474917264, 1.3944965441859964, 1.3926219764382524, 1.3931235812599077, 1.3982407549707863, 1.3924010893446366, 1.3931300477716722, 1.3941122636944592, 1.3899578469233962, 1.38957139084092, 1.3963999645630651, 1.3911998462585675, 1.3904194534752452, 1.390328639755701, 1.391484093389244], "val_lossers": [1.977263389825821, 1.6558868277072907, 1.5564837050437927, 1.5136709743738175, 1.5084707480669022, 1.525848250389099, 1.5122902971506118, 1.4476084107160567, 1.4285733979940414, 1.429718782901764, 1.410117999315262, 1.4173916268348694, 1.4206808549165726, 1.44043588578701, 1.397965568304062, 1.3856672549247742, 1.436206710934639, 1.4203169417381287, 1.393881126642227, 1.4371307986974715, 1.400725129842758, 1.3722890996932984, 1.3712135720252991, 1.3681784331798554, 1.4122794020175933, 1.3953729039430618, 1.4881065613031388, 1.4424305748939514, 1.4019475358724593, 1.3885947293043137, 1.355725103020668, 1.39743070602417, 1.4197184711694717, 1.3971615415811538, 1.3926994800567627, 1.3516913944482802, 1.3656366753578186, 1.3556501692533494, 1.3945451939105988, 1.3819432669878007, 1.3591080778837203, 1.345050807595253, 1.368708109855652, 1.364231117963791, 1.3481002885103226, 1.407655417919159, 1.3668788731098176, 1.4008759671449662, 1.4129599171876908, 1.362483691573143, 1.3573737359046936, 1.4229957449436188, 1.405184029340744, 1.4320502322912216, 1.3710562747716903, 1.4391686505079269, 1.4856984740495682, 1.399077684879303, 1.3947656041383742, 1.397955967783928, 1.329377453327179, 1.403135240674019, 1.3892720407247543, 1.3834590542316436, 1.3761104613542556, 1.3736338675022126, 1.3827927368879318, 1.38395354449749, 1.386342915892601, 1.3778777587413789, 1.3408204978704452, 1.3867591255903244, 1.3818361073732377, 1.3971028971672057, 1.3764761930704117, 1.3575844061374664, 1.4001411628723144, 1.3867464196681976, 1.365765796303749, 1.3604262447357178, 1.377182742357254, 1.38186741232872, 1.3735861784219743, 1.3989328169822692, 1.358187391757965, 1.3592487943172455, 1.3651690739393234, 1.3552943193912506, 1.3521263831853867, 1.336719164252281, 1.3398550820350648, 1.3625354486703873, 1.349759966135025, 1.3388990068435669, 1.3541289979219437, 1.4226826882362367, 1.3417822760343552, 1.412055526971817, 1.369860753417015, 1.3758412110805511, 1.3817536753416062, 1.34881769657135, 1.3702900803089142, 1.3423199021816254, 1.341309171319008, 1.3296529722213746, 1.3384485495090486, 1.3953378313779832, 1.3535461682081222, 1.3928477156162262, 1.360685139298439, 1.3322666597366333, 1.3466803497076034, 1.3460537481307984, 1.441493489742279, 1.3991981768608093, 1.3456724399328233, 1.348212298154831],