{"train_losses": [174.75823094558282, 2.328267315571634, 1.7732939072450953, 1.659380864620437, 1.6121715004289439, 1.5804304771512383, 1.553695255599297, 1.535227037015531, 1.5212363903106387, 1.5120413802244859, 1.5024371543711443, 1.4952132495105452, 1.4899397495976183, 1.4904326366156746, 1.4817095214109943, 1.4791085960792532, 1.4730503983922287, 1.47144932976059, 1.4674203741456264, 1.4642354630242418, 1.4592855114499603, 1.460154120791378, 1.4575027834578567, 1.4597317719961829, 1.4737332162886736, 1.4530607615614268, 1.4529177683062435, 1.4544185909723761, 1.4511694389294858, 1.4478296564759494, 1.4477248089376864, 1.4429513401810508, 1.4432857395331484, 1.441143085219114, 1.4418102601712075], "val_lossers": [2.3448710775375368, 1.7967067408561705, 1.6563907706737517, 1.5713376575708389, 1.5704240334033965, 1.4930128008127213, 1.4804078507423402, 1.4550707238912581, 1.4593006563186646, 1.439765403866768, 1.47540247797966, 1.4437485539913177, 1.4814521223306656, 1.4798051291704177, 1.446781538128853, 1.4706325405836105, 1.4274255114793777, 1.4767253178358077, 1.4141354769468308, 1.4405349051952363, 1.4172859036922454, 1.404476796388626, 1.415945556163788, 1.6649581849575044, 1.38955806016922, 1.4216403675079345, 1.420304181575775, 1.405258108973503, 1.4055883657932282, 1.453208703994751, 1.4050370597839354, 1.3988254350423812, 1.3797228556871415, 1.4006389111280442, 1.3915213966369628], "cdr_rmsd": [[2.8117401599884033, 2.2665183544158936, 3.7211215496063232, 2.955735683441162, 2.2944464683532715, 2.3528778553009033], [2.066816806793213, 1.7457302808761597, 3.2968320846557617, 2.425375461578369, 1.3893014192581177, 1.8202749490737915], [1.6824439764022827, 1.581649661064148, 3.1706953048706055, 2.1241254806518555, 1.072618007659912, 1.7064532041549683], [1.5534718036651611, 1.5340574979782104, 3.0839197635650635, 1.9805481433868408, 1.0265828371047974, 1.5355387926101685], [1.502417802810669, 1.6225712299346924, 3.0427329540252686, 1.8862460851669312, 0.9762627482414246, 1.5045804977416992], [1.4010740518569946, 1.453969120979309, 3.0114803314208984, 1.740140438079834, 0.8401905298233032, 1.4939759969711304], [1.3048007488250732, 1.3647069931030273, 3.0205860137939453, 1.6533607244491577, 0.6996555924415588, 1.3941874504089355], [1.311003565788269, 1.3712154626846313, 2.9911649227142334, 1.6865390539169312, 0.8132925629615784, 1.42635178565979], [1.288212537765503, 1.3913140296936035, 2.959604501724243, 1.5561325550079346, 0.692588210105896, 1.4011691808700562], [1.4031038284301758, 1.3405543565750122, 2.9559085369110107, 1.5749794244766235, 0.7192941308021545, 1.4051343202590942], [1.3321701288223267, 1.3794159889221191, 3.0051088333129883, 1.635461449623108, 0.8720800876617432, 1.442251443862915], [1.2570881843566895, 1.3224284648895264, 2.9716415405273438, 1.5104485750198364, 0.6704567074775696, 1.421974539756775], [1.4026554822921753, 1.434635877609253, 3.051990270614624, 1.5993432998657227, 0.7909196615219116, 1.4369823932647705], [1.3544471263885498, 1.3726625442504883, 3.0469582080841064, 1.6156904697418213, 0.7031927704811096, 1.4973797798156738], [1.29646635055542, 1.3583498001098633, 2.9365365505218506, 1.5162783861160278, 0.700015127658844, 1.3596365451812744], [1.423173427581787, 1.3492883443832397, 2.996457099914551, 1.7023210525512695, 0.7346982359886169, 1.4207316637039185], [1.3969218730926514, 1.325107455253601, 2.9491312503814697, 1.5418838262557983, 0.7172674536705017, 1.3750784397125244], [1.3718315362930298, 1.3548167943954468, 2.980409622192383, 1.566931128501892, 0.7576122879981995, 1.489976167678833], [1.2844624519348145, 1.3155524730682373, 2.929917573928833, 1.4862844944000244, 0.7070099115371704, 1.3622870445251465], [1.2471086978912354, 1.3475929498672485, 2.965543270111084, 1.5691543817520142, 0.7559975981712341, 1.4090402126312256], [1.2539970874786377, 1.2885692119598389, 3.0081613063812256, 1.4605218172073364, 0.6312373876571655, 1.3564742803573608], [1.2405296564102173, 1.2974580526351929, 2.981182813644409, 1.5058348178863525, 0.6513508558273315, 1.3479384183883667], [1.2330282926559448, 1.2937370538711548, 2.9644625186920166, 1.4743454456329346, 0.679995596408844, 1.3561179637908936], [1.4128473997116089, 1.696752667427063, 3.1132733821868896, 1.6822906732559204, 0.9577628970146179, 1.5011204481124878], [1.255362868309021, 1.2704079151153564, 2.9244699478149414, 1.4565627574920654, 0.6385021805763245, 1.3488399982452393], [1.2264662981033325, 1.2958619594573975, 2.9782168865203857, 1.460402250289917, 0.7068590521812439, 1.422608494758606], [1.2448569536209106, 1.2809451818466187, 2.929313898086548, 1.4757939577102661, 0.6621808409690857, 1.3667826652526855], [1.2379140853881836, 1.2430164813995361, 2.9363646507263184, 1.417041301727295, 0.6245104074478149, 1.3209058046340942], [1.2909654378890991, 1.2922085523605347, 2.9422848224639893, 1.4814831018447876, 0.6707428693771362, 1.313096284866333], [1.2759335041046143, 1.271161675453186, 3.0807840824127197, 1.4354444742202759, 0.7078680396080017, 1.3415294885635376], [1.2467705011367798, 1.2529217004776, 2.9221575260162354, 1.4517593383789062, 0.6675722002983093, 1.3454817533493042], [1.219897747039795, 1.2662553787231445, 2.9192352294921875, 1.4206936359405518, 0.6703569889068604, 1.347150444984436], [1.219896674156189, 1.257785439491272, 2.9155805110931396, 1.4091899394989014, 0.6508758664131165, 1.3030617237091064], [1.2526051998138428, 1.2974019050598145, 2.968360185623169, 1.4762495756149292, 0.7473090887069702, 1.3435287475585938], [1.2265784740447998, 1.2693654298782349, 2.9371988773345947, 1.417007327079773, 0.6139348149299622, 1.3121325969696045]]}