{"train_losses": [470.7331178493125, 1.9798896788180889, 1.7169541668343948, 1.6214700112338267, 1.5810168490816252, 1.5564252557239664, 1.542158214561329, 1.520627116140978, 1.5120184398707746, 1.505410479377667, 1.495023129943572, 1.4921943710870311, 1.4799856938098874, 1.4738672249962732, 1.4722038204515269, 1.4673889433478577, 1.4612128663810784, 1.462781563811477, 1.4564025220700876, 1.4556254876239294, 1.4532427790206615, 1.447654058909285, 1.4480890673771412, 1.4467080327949084, 1.443274994286904, 1.4408927039578396, 1.4425775640342462, 1.4389947933074188, 1.4374296298317, 1.4367904502836917, 1.436798153638212, 1.4365379998693633, 1.4354431385311295, 1.451918740063613, 1.4956727645629497, 1.5726076113798129, 4.026924518526299, 1.4523950902531528, 1.5048353759786401, 1.583519393401138, 8.13791768785467, 1.445689399732709, 1.4780525016476442, 1.48839904107858, 1.4638118383015117, 1.474027092758765, 1.4840209461839569, 1.489368793780021, 1.5195738603573883, 1.5517096413160758, 1.5437170575188484, 1.542625874730426, 1.5165382780068681, 1.399487697167747, 1.3801800313251624, 1.3707521023692084, 1.3634172280296515], "val_lossers": [2.7223709988594056, 1.7580633234977723, 1.699920473098755, 1.5570254993438721, 1.5360294771194458, 1.4764679169654846, 1.490728845000267, 1.4581975215673446, 1.4603946548700333, 1.4833064293861389, 1.4538151502609253, 1.460658966898918, 1.4447053587436676, 1.4647616857290269, 1.4077105528116227, 1.4067349112033845, 1.4647223126888276, 1.408067798614502, 1.422232169508934, 1.4126911163330078, 1.4392029935121535, 1.4097976529598235, 1.3857104402780533, 1.39272902905941, 1.4126951259374618, 1.3861951178312302, 1.4248661929368973, 1.3989179223775863, 1.4259529542922973, 1.389042392373085, 1.3988536238670348, 1.420061742067337, 1.4508614999055862, 1.4309289503097533, 1.497323858141899, 1.5765894401073455, 16.402367141246796, 1.4826148211956025, 1.5045334082841872, 1.805159443616867, 4.347295291423798, 1.4210634887218476, 1.452229647040367, 1.4290539920330048, 1.4640618538856507, 1.4517775386571885, 1.4401157534122466, 1.4914443451166153, 1.5956150817871093, 1.4882766622304917, 1.5798477029800415, 1.5042029678821565, 1.5279810011386872, 1.3653649169206619, 1.3450205594301223, 1.344233543276787, 1.337665129303932], "cdr_rmsd": [[2.886392776966095, 3.2263900995254517, 4.040411994457245, 3.014537847042084, 2.6148805451393127, 2.4830837738513947], [2.000122407674789, 1.6508644950389861, 3.401438044309616, 2.412612302303314, 1.2821562308073045, 1.7635959804058075], [1.6710970222949981, 1.6387816703319549, 3.333740212917328, 2.1468190956115722, 1.0300448232889174, 1.8308531904220582], [1.5414030623435975, 1.4701097083091736, 3.103657261133194, 2.027486995458603, 0.8239273422956467, 1.5523599791526794], [1.4659258282184602, 1.618034679889679, 3.076575996875763, 1.872652747631073, 1.1334981316328048, 1.6542432171106338], [1.425305489897728, 1.36100630402565, 3.055506738424301, 1.7874079608917237, 0.7943591544032097, 1.5339748305082321], [1.4071605879068374, 1.3750837802886964, 3.015696827173233, 1.7847398513555526, 0.8154961633682251, 1.477264673113823], [1.3256668102741243, 1.3682586354017259, 3.019984966516495, 1.7420191389322282, 0.8199020957946778, 1.4085516673326492], [1.333443877696991, 1.3382933217287063, 3.039752676486969, 1.6924865275621415, 0.7280125227570534, 1.4728568363189698], [1.3288301521539687, 1.397737267613411, 3.0118561780452726, 1.6855567675828933, 0.8140655261278152, 1.4736331278085708], [1.2927705931663513, 1.3753676050901413, 3.0024994921684267, 1.672202250957489, 0.7116650453209877, 1.4249695581197739], [1.3742904931306839, 1.392635279893875, 3.02593861579895, 1.6238445085287094, 0.7607931622862816, 1.3712355262041092], [1.2824947953224182, 1.423427659869194, 3.0531526505947113, 1.6274645042419433, 0.79183883279562, 1.4168820977210999], [1.2653672808408738, 1.29200452208519, 2.9928768670558927, 1.6221859937906264, 0.6763512977957725, 1.3836834824085236], [1.3102137005329133, 1.3226976001262665, 3.0067960250377657, 1.5956828999519348, 0.7294272848963738, 1.3818184745311737], [1.293922132253647, 1.2810906422138215, 2.9957813024520874, 1.6097505456209182, 0.7203164020180702, 1.3692819994688035], [1.289554414153099, 1.4143506860733033, 3.1122958505153657, 1.6685469883680344, 0.7396980562806129, 1.5132033795118331], [1.27256604552269, 1.3243336004018784, 2.986342191696167, 1.5987769597768784, 0.7603580752015113, 1.3777519983053208], [1.3039710468053818, 1.2830779236555099, 3.0205567133426667, 1.5742448389530181, 0.8034343695640564, 1.3309842658042907], [1.2908986192941665, 1.3119950687885285, 2.9374232017993926, 1.628590496778488, 0.7424040195345879, 1.4355552661418916], [1.4042695915699006, 1.3136774188280105, 2.9940695691108705, 1.6653894048929214, 0.7081719189882278, 1.3760078012943269], [1.2391739636659622, 1.2961044222116471, 3.0362002551555634, 1.5086296838521958, 0.7416344076395035, 1.4398913103342057], [1.200501778125763, 1.228189263343811, 2.971371558904648, 1.5111516171693802, 0.6417066407203674, 1.312480941414833], [1.2580561882257462, 1.3589061611890794, 2.9446770679950713, 1.598692045211792, 0.7668350479006767, 1.339071947336197], [1.2335464572906494, 1.2573306310176848, 2.9730151748657225, 1.4955872720479966, 0.677200411260128, 1.3349740076065064], [1.2748576301336287, 1.2837200081348419, 2.9206817853450775, 1.556448233127594, 0.6765607640147209, 1.3673150998353958], [1.2774652856588364, 1.408612955212593, 2.9997287404537203, 1.5843368726968765, 0.761776025891304, 1.4833746403455734], [1.4082344859838485, 1.32333554148674, 2.898009307384491, 1.7457720923423767, 0.7780680406093597, 1.3185968333482743], [1.2512701028585433, 1.2564172112941743, 3.019821627140045, 1.604103856086731, 0.6980800151824951, 1.3839929062128067], [1.241154512166977, 1.241324931383133, 2.924180804491043, 1.559195755124092, 0.6893142285943031, 1.3657870262861251], [1.269134100675583, 1.315203197002411, 2.9813320171833038, 1.5492639827728272, 0.7940313327312469, 1.406949420571327], [1.2630895590782165, 1.2440968424081802, 2.9977827429771424, 1.515358243584633, 0.6689475589990616, 1.391562770009041], [1.2913465368747712, 1.2917479872703552, 3.0327967870235444, 1.5905705308914184, 0.7886390537023544, 1.5209665238857268], [1.3125604420900345, 1.2768926793336868, 2.994176745414734, 1.6351553475856782, 0.7173787897825241, 1.3616450643539428], [1.3535508441925048, 1.3899507534503937, 3.1600724613666533, 1.6978904098272323, 0.8199406558275223, 1.5319730591773988], [1.505151827931404, 1.4262776398658752, 3.218593612909317, 1.8479202818870544, 0.8356748509407044, 1.650671910047531], [21.36372579097748, 20.198570523262024, 15.439932265281676, 22.66042068004608, 20.371377460956573, 14.725106644630433], [1.4370231026411056, 1.3631134343147278, 3.0184871375560762, 1.6656836044788361, 0.7905888313055038, 1.419741665124893], [1.3714174181222916, 1.4598994112014771, 3.1026379811763762, 1.6579069542884826, 0.8172849178314209, 1.502589187026024], [1.5608750832080842, 1.6962047457695006, 3.396945778131485, 2.0801356518268586, 1.2317308682203292, 1.6872431010007858], [3.9985653924942017, 4.729116191864014, 5.019635355472564, 4.372396807670594, 3.948938207626343, 3.855875490903854], [1.2815509259700775, 1.3076834106445312, 3.0069073128700254, 1.5736992049217224, 0.8033594596385956, 1.4150309121608735], [1.2603699243068696, 1.3120296305418016, 3.0594931018352507, 1.5982238614559174, 0.7516574090719224, 1.478626590371132], [1.3298407351970674, 1.4188447791337966, 2.978219978809357, 1.6546630895137786, 0.8212292167544365, 1.3585666579008102], [1.3424252027273178, 1.3393748289346694, 3.0719823372364043, 1.6730383133888245, 0.7761816215515137, 1.511672938466072], [1.3240153175592422, 1.3407861948013307, 3.013384417295456, 1.599917653799057, 0.7658851480484009, 1.4313931083679199], [1.2919448047876358, 1.3258427411317826, 3.0695315635204317, 1.6270472186803817, 0.7190466725826263, 1.427754870057106], [1.3381868034601212, 1.4002627587318421, 