{"train_losses": [1.0214760987181388, 1.3924313014950291, 1.5747593783934173, 1.9265659767615995, 2.167148021162109, 2.3924790123453388, 2.6067578936883824, 2.8273759876034035, 3.0242137686938655, 3.2337700774917355, 3.4259898805220184, 3.4288854767915713, 3.4512532609126123, 3.449372853192195, 3.4452333736176395, 3.4380604771271708], "val_lossers": [0.986045882999897, 1.3113210433721543, 1.4746748542785644, 1.7298435628414155, 1.9081212711334228, 2.062095333337784, 2.2293035078048704, 2.3499433434009553, 2.516923860311508, 2.6296473968029024, 2.7697078800201416, 2.842989501953125, 2.7934601068496705, 2.740423151254654, 2.7745369923114778, 2.782351073026657], "cdr_rmsd": [[0.7861486753821373, 0.7445573881268501, 2.1045775496959687, 0.9358481597900391, 0.3819497776031494, 0.8243027245998382], [0.8193037578463555, 0.8338149532675743, 2.2416655158996583, 0.9483710384368896, 0.4328294350206852, 0.9267486533522606], [0.8658621442317963, 0.9215120565891266, 2.346096159219742, 1.0342076188325882, 0.47388431265950204, 1.0063872680068016], [0.9625890254974365, 1.024369824528694, 2.4933748942613603, 1.1970528322458267, 0.5213348126411438, 1.1054915297031402], [0.9758074754476547, 1.0810336315631865, 2.6099805808067322, 1.2988166350126267, 0.5728632348775864, 1.1570462787151337], [1.007976890206337, 1.1256598442792893, 2.631496105194092, 1.3690597999095917, 0.6057816383242607, 1.2055924546718597], [1.0493392783403397, 1.191932732462883, 2.7429071533679963, 1.4552609097957612, 0.6693424445390701, 1.2659247010946273], [1.0655230981111528, 1.2389450216293334, 2.8478389310836794, 1.5177940160036087, 0.7125423935055732, 1.316039395928383], [1.1136699670553207, 1.2670997977256775, 2.8867935013771056, 1.6198881268501282, 0.7751958322525024, 1.348552827835083], [1.10208173930645, 1.2799083071947097, 2.9720368134975432, 1.6298299789428712, 0.7567574059963227, 1.379337894320488], [1.144785053730011, 1.323595951795578, 2.988270925283432, 1.6923278224468232, 0.8239669001102448, 1.4145862662792206], [1.1200401175022126, 1.31241424202919, 2.9562343084812164, 1.6610893511772156, 0.8546504467725754, 1.4051658189296723], [1.1327244645357133, 1.3129194676876068, 3.016906465291977, 1.6507919216156006, 0.8023474138975143, 1.4257618701457977], [1.149253357052803, 1.317312039732933, 2.9877766966819763, 1.6878706669807435, 0.8129834842681884, 1.437140136361122], [1.1641042906045913, 1.3160659086704254, 2.9516533637046813, 1.6793673646450042, 0.7994388568401337, 1.4319733220338822], [1.1546579456329347, 1.3126747238636016, 2.9715350925922395, 1.6874487340450286, 0.8111089396476746, 1.4149917817115785]]}