{"train_losses": [135.66267226180136, 16.535772536341472, 18.577773609399966, 1.8195819900684844, 1.6970106544522028, 1.635875760081969, 1.5968778438193678, 1.5670807906849007, 1.5397184005273368, 1.5159614370118668, 1.499237135077653, 1.4846729622493384, 1.4728745039296487, 1.4578975451058225, 1.443935338877764, 1.4341452469630536, 1.4250916303673913, 1.4179814385403164, 1.4131371113053628, 1.408651087325185, 1.5635031780215978, 1.535790552512464, 1.529251664769915, 1.5125020247684988, 1.503298428973599, 1.4975017337585597, 1.484766087735815, 1.4755355251129374, 1.463068400098286, 1.4525707429152286, 1.4413546159389004, 1.434599756566651, 1.4203886173403317, 1.411050450767602, 1.4015210980657815, 1.393277435417463, 1.3860942160852052, 1.3791613295685026, 1.3740947637256606, 1.3710509756121134, 1.5125474790537046, 1.4980064770494432, 1.4929103062916007, 1.4840174035818234, 1.4769338350818864, 1.4675493237787895, 1.459393223578604, 1.4522857874781714, 1.4431395711355413, 1.4354533596931531, 1.424739198476925, 1.4129505712848431, 1.4045310629193282, 1.3938386656891537, 1.3841635985525138, 1.3758009226806773, 1.3680422995859338, 1.3614456641323007, 1.3575914713906592], "val_lossers": [8.517675771713257, 15.409189605712891, 1.9458628058433534, 1.7094174933433532, 1.65508529484272, 1.62384250998497, 1.5258503419160843, 1.5223713171482087, 1.4900298166275023, 1.469644603729248, 1.4587767708301544, 1.449290035367012, 1.4356561851501466, 1.4166229206323624, 1.421552963256836, 1.434778082370758, 1.395157782435417, 1.3752492952346802, 1.3857235926389695, 1.3723658162355423, 1.5551666659116745, 1.5260856080055236, 1.4646291434764862, 1.4585708928108216, 1.4482221806049347, 1.448243504166603, 1.4449549919366838, 1.433134037256241, 1.4182426232099532, 1.4146068125963212, 1.422914718389511, 1.432245979309082, 1.3937683022022247, 1.3805892610549926, 1.3851012337207793, 1.3587390369176864, 1.3601279824972152, 1.3567988932132722, 1.3542394298315048, 1.340862632393837, 1.4862745428085327, 1.4592328530550003, 1.4062800151109696, 1.4422874224185944, 1.45116947889328, 1.4515766286849976, 1.4281644141674041, 1.4406753176450728, 1.4412287604808807, 1.440092253088951, 1.4018967568874359, 1.3879412990808486, 1.3793225049972535, 1.3673459798097611, 1.35814202606678, 1.3383692663908004, 1.3497618621587752, 1.33957524061203, 1.334123986363411], "cdr_rmsd": [[7.97904926776886, 9.751671681404114, 10.230989027023316, 9.03817709684372, 8.183445930480957, 8.8381937623024], [18.617068500518798, 18.07696128845215, 13.1748499584198, 20.153273394107817, 18.747927913665773, 14.646093456745147], [2.2973738956451415, 2.0985500419139864, 3.501341700553894, 2.60544402718544, 1.6500472259521484, 2.107578125], [1.7333731019496919, 1.6302482390403747, 3.2932936692237855, 2.264824081659317, 1.2006061989068986, 1.7571227443218231], [1.6862329649925232, 1.5365914273262025, 3.228281283378601, 2.126216950416565, 1.0625458890199662, 1.675082529783249], [1.6493505156040191, 1.4910270369052887, 3.2224765169620513, 2.0584663200378417, 1.109075090289116, 1.6336957770586014], [1.4890772324800492, 1.406908266544342, 3.1216407227516174, 1.944551510810852, 0.8806387680768967, 1.5078275591135024], [1.4682570827007293, 1.4805789166688919, 3.1120450937747957, 1.9004211246967315, 0.8570748335123062, 1.4605509769916534], [1.3858663767576218, 1.3271489226818085, 3.066424605846405, 1.7725266581773758, 0.7864869415760041, 1.401668980717659], [1.4181527644395828, 1.3667543190717697, 3.057242925167084, 1.7646594840288161, 0.8443411785364151, 1.4113371086120605], [1.374856104850769, 1.309497754573822, 3.0092912340164184, 1.7326087337732314, 0.8332224345207214, 1.4387798804044722], [1.3839190250635147, 1.3138387322425842, 3.0136981809139254, 1.706104592680931, 0.7541418486833572, 1.3940751653909684], [1.3782913511991501, 1.4203038078546524, 2.990800436735153, 1.7377664685249328, 0.8127663117647171, 1.3827142351865769], [1.3444731211662293, 1.3394971710443497, 2.971089552640915, 1.6732698744535446, 0.7466791078448296, 1.3595415508747102], [1.344703243970871, 1.259229410290718, 2.997858279943466, 1.6447840547561645, 0.6884826466441154, 1.352715795636177], [1.3677073061466216, 1.2783642268180848, 3.0348451936244967, 1.6618322670459746, 0.7392577797174453, 1.425391212105751], [1.3390740913152694, 1.2817490154504776, 2.9420809423923493, 1.647771464586258, 0.741376394033432, 1.3224186789989472], [1.3068295216560364, 1.2578553467988969, 2.9240555226802827, 1.61054552257061, 0.7030856767296791, 1.308503222465515], [1.3082587295770645, 1.2490468156337737, 2.94210728764534, 1.5973314094543456, 0.685794153213501, 1.3256770902872086], [1.2889410185813903, 1.265636798143387, 2.906270394325256, 1.5962032347917556, 0.6970835399627685, 1.2950446909666062], [1.530387933254242, 1.3632804816961288, 3.1149517560005187, 1.7506634432077408, 0.769722395837307, 1.6542721378803253], [1.5499710381031035, 1.4275200152397156, 3.048632012605667, 1.855987024307251, 0.9062242990732193, 1.4818774181604386], [1.3850037556886674, 1.3809567391872406, 3.076045650243759, 1.7248063969612122, 0.7936685061454773, 1.3793120032548905], [1.37291579246521, 1.3578810167312623, 3.004255474805832, 1.712629770040512, 0.7850248095393181, 1.3785322511196136], [1.3751050436496735, 1.2855105710029602, 2.993142064809799, 1.710609096288681, 0.719639955163002, 1.3904476314783096], [1.4218165159225464, 1.3118103170394897, 2.9700602400302887, 1.773623223900795, 0.7762984681129456, 1.3981648945808411], [1.3308136177062988, 1.2972598600387573, 3.008457622528076, 1.6686089050769806, 0.7880711203813553, 1.3997653418779372], [1.3620548218488693, 1.3453049504756927, 2.987496074438095, 1.6717835569381714, 0.8090522855520248, 1.4043438869714737], [1.3275781655311585, 1.2742346215248108, 3.0075610768795014, 1.6420245116949082, 0.714053798019886, 1.4128200036287308], [1.2934800255298615, 1.2709300935268402, 2.9766971850395203, 1.6394228678941727, 0.7057363647222519, 1.3589182287454604], [1.2758207994699478, 1.271214161515236, 3.0146565008163453, 1.572819809317589, 0.7021093362569809, 1.3541921430826187], [1.2807721334695816, 1.3414399874210359, 3.0330353283882143, 1.5793020617961884, 0.7293599206209183, 1.4147028982639314], [1.275190332531929, 1.2640069460868835, 3.013091067075729, 1.6061093181371688, 0.6992633184790611, 1.3379991978406907], [1.2634653067588806, 1.2509544062614442, 2.930080406665802, 1.5273737555742264, 0.6732682636380196, 1.3279135274887084], [1.2938001108169557, 1.2325740587711334, 2.935690225362778, 1.58480945289135, 0.6625041016936302, 1.2893044674396514], [1.2483737927675247, 1.1885023283958436, 2.9048746705055235, 1.5089567720890045, 0.63893997579813, 1.268747896552086], [1.2515369552373885, 1.212829367518425, 2.9020242750644685, 1.5748303550481797, 0.6790500348806381, 1.2858494514226912], [1.2347386056184768, 1.24727962911129, 2.8986133086681365, 1.5014739328622817, 0.6617285367846489, 1.2876240700483321], [1.2475988417863846, 1.1958597320318223, 2.9105001103878023, 1.5132557898759842, 0.6566141939163208, 1.2751029291749], [1.2296082752943038, 1.1952613914012908, 2.8756389248371126, 1.4900201070308685, 0.6456961438059807, 1.274337238073349], [1.357767248749733, 1.6155245524644852, 2.996911712884903, 1.749934514760971, 0.9853029614686966, 1.4097789168357848], [1.3638262289762497, 1.3337583929300307, 3.03434632897377, 1.708443478345871, 0.7880980139970779, 1.461294367313385], [1.3207127857208252, 1.2951078230142594, 2.9606319892406465, 1.6408670383691788, 0.7502166199684143, 1.362532441020012], [1.3188081234693527, 1.291890588402748, 3.0171733224391937, 1.6172245824337006, 0.7727357399463654, 1.4278621155023574], [1.3550885653495788, 1.3048182505369186, 2.9783930444717406, 1.6490140324831009, 0.7520938459038734, 1.40216798722744], [1.291380358338356, 1.2285253399610518, 3.1089693331718444, 1.5709515362977982, 0.6985710388422013, 1.363724501132965], [1.3052406549453734, 1.3292965698242187, 2.958704319000244, 1.657873130440712, 0.7931891760230064, 